# 3ds Max Wavefront OBJ Expoter v0.97b - (c)2007 guruware
# ì¬‚µ‚½ƒtƒ@ƒCƒ‹ : 03.03.2015 14:39:01

mtllib IG_sr25_x.mtl

#
# object IG_sr25_sw6
#

v  0.0000 1.7820 14.3561
v  0.3279 1.7820 14.3561
v  0.3279 1.7819 4.2721
v  0.0000 1.7819 4.2721
v  0.5779 0.5550 15.0824
v  0.5779 -0.4221 14.3561
v  0.5779 0.5550 14.3561
v  0.0000 -0.6721 14.3561
v  0.3279 -0.6721 14.3561
v  0.3279 0.5550 15.3324
v  0.0000 0.5550 15.3324
v  0.5779 -0.4221 4.2721
v  0.5779 0.5550 4.2721
v  0.0000 -0.6721 4.2721
v  0.3279 -0.6721 4.2721
v  0.5779 1.5320 14.3561
v  0.5779 1.5319 4.2721
v  0.2496 1.2722 15.1046
v  0.2496 1.2722 4.3177
v  0.2496 2.3206 4.3177
v  0.2496 2.0961 15.1046
v  0.0000 2.6581 4.3177
v  0.0000 2.4336 15.1046
v  0.2496 1.3243 17.0362
v  0.2496 1.2722 17.0362
v  0.0000 1.6618 17.0362
v  0.0000 -1.9701 14.8916
v  0.0000 -2.2026 7.9553
v  0.2500 -1.7026 7.9553
v  0.2500 -1.4701 14.8916
v  0.2500 -1.4343 15.9888
v  0.0000 -1.8917 16.1953
v  0.2500 -0.6908 18.0148
v  0.2500 0.8272 14.8916
v  0.2500 0.1985 18.9903
v  0.0000 -0.9603 18.5867
v  0.0000 0.3198 20.0582
v  0.2500 -1.1762 17.1283
v  0.0000 -1.5919 17.4853
v  0.0000 0.8585 17.9178
v  0.2500 0.6937 17.9363
v  0.2500 -2.3220 6.4020
v  0.0000 -2.7088 6.6556
v  0.0000 -3.9500 5.4332
v  0.2500 -3.6259 5.1259
v  0.0000 -4.8426 3.9742
v  0.2500 -4.4425 3.8017
v  0.2500 -1.8759 7.1225
v  0.2500 0.8272 5.7424
v  0.2500 0.8272 7.9553
v  0.0000 -2.3400 7.3080
v  0.2500 -3.2205 4.7066
v  0.2500 -1.4906 5.4566
v  0.0000 -5.1820 1.9473
v  0.0000 -5.3294 0.2499
v  0.2500 -4.7439 0.4453
v  0.2500 -4.7594 1.8465
v  0.2500 -4.0228 3.5846
v  0.2500 -4.1847 1.6684
v  0.2500 -3.9778 0.7704
v  0.0000 -1.4906 5.4566
v  0.0000 0.8272 5.7424
v  0.0000 -3.2205 4.7066
v  0.0000 -4.0228 3.5846
v  0.0000 -4.1847 1.6684
v  0.0000 -3.9778 0.7704
v  0.2010 -4.7735 0.5337
v  0.0000 -4.8655 0.4946
v  0.0000 -1.8090 -2.7962
v  0.2785 -1.7169 -2.7572
v  0.0000 -4.1302 0.8034
v  0.0755 -4.1302 0.8034
v  0.1289 -1.0647 -2.4803
v  0.0000 -1.0647 -2.4803
v  0.2010 -4.2682 0.7448
v  0.2785 -1.2028 -2.5389
v  0.0000 0.6332 15.1450
v  0.2943 0.6332 15.1450
v  0.2943 0.6332 18.1191
v  0.0000 0.6332 18.1191
v  0.4779 0.8680 14.9582
v  0.4779 1.4690 14.4800
v  0.4779 1.4690 17.4541
v  0.4779 0.8680 17.9323
v  0.2943 1.7038 14.2932
v  0.0000 1.7038 14.2932
v  0.0000 1.7038 17.2673
v  0.2943 1.7038 17.2673
v  0.5381 1.4540 4.5094
v  0.5381 1.3335 4.9594
v  0.8476 1.1152 4.8334
v  0.8476 1.2020 4.5094
v  0.5381 1.0040 5.2888
v  0.8476 0.8780 5.0706
v  0.5381 0.5540 5.4094
v  0.8476 0.5540 5.1574
v  0.5381 0.1040 5.2888
v  0.8476 0.2300 5.0706
v  0.5381 -0.2254 4.9594
v  0.8476 -0.0071 4.8334
v  0.5381 -0.3460 4.5094
v  0.8476 -0.0940 4.5094
v  1.1500 1.9126 4.5252
v  1.1500 1.9126 3.5252
v  1.1500 2.6126 3.5252
v  1.1500 2.6126 4.5252
v  0.7800 1.9126 4.5252
v  0.7800 2.7784 4.5252
v  0.7800 -0.8582 3.5252
v  1.1500 -0.6924 3.5252
v  1.1500 -0.6924 4.5252
v  0.7800 -0.8582 4.5252
v  0.7800 2.7784 3.5252
v  1.1500 2.6126 0.8785
v  0.7800 2.7784 0.8785
v  0.7800 1.9126 3.5252
v  0.7800 1.9126 0.4711
v  1.1500 1.9126 0.4711
v  1.1500 2.6126 0.0638
v  1.1500 3.3126 0.4711
v  0.7800 2.6126 0.0638
v  0.7800 3.3126 0.4711
v  0.9333 3.3126 -5.6333
v  0.5633 3.3126 -5.6333
v  0.9333 2.6126 -6.1611
v  0.5633 2.6126 -6.1611
v  0.0000 2.7784 4.5252
v  0.0000 1.9126 4.5252
v  0.0000 2.7784 0.8785
v  0.0000 2.7784 3.5252
v  0.0000 -0.8582 4.5252
v  0.0000 -0.8582 3.5252
v  0.0000 1.9126 3.5252
v  0.0000 1.9126 0.4711
v  0.7800 2.7784 0.7819
v  0.0000 2.7784 0.7820
v  0.9333 3.9929 -6.1611
v  0.5633 3.9929 -6.1611
v  0.9333 3.2929 -6.6889
v  0.0000 2.6126 0.0638
v  0.0000 2.6126 -6.1611
v  0.0000 3.3126 -5.6333
v  0.0000 3.3126 0.4711
v  0.0000 3.9929 -6.1611
v  0.7791 4.6612 -6.8555
v  0.3663 5.3294 -7.5500
v  0.7791 4.3112 -7.7361
v  0.5633 3.2929 -6.6889
v  0.3663 5.3294 -8.7832
v  0.0000 3.2929 -6.6889
v  0.0000 5.3294 -8.7832
v  0.0000 5.3294 -7.5500
v  0.7206 1.9624 -6.6739
v  1.0906 1.9624 -6.6739
v  1.0906 2.4455 -7.3601
v  0.7206 2.4455 -7.3601
v  0.7206 0.8216 -6.6739
v  1.0906 0.8216 -6.6739
v  1.0906 0.3340 -7.3601
v  0.7206 0.3340 -7.3601
v  0.7206 0.8216 -2.9171
v  1.0906 0.8216 -2.9171
v  1.0906 0.3340 -2.9171
v  0.7206 0.3340 -2.9171
v  1.2231 -1.5587 -2.3501
v  1.2231 -1.5587 -3.5706
v  1.2231 1.8648 -3.5706
v  1.2231 1.8648 -2.3501
v  0.0000 -2.3087 -2.3501
v  0.0000 -2.3087 -3.5706
v  0.5834 -2.3087 -3.5706
v  0.5834 -2.3087 -2.3501
v  0.0000 2.6148 -3.5706
v  0.5834 2.6148 -3.5706
v  0.5834 2.6148 -2.3501
v  0.0000 2.6148 -2.3501
v  0.5862 2.3189 -1.0666
v  0.5862 2.3189 -5.1045
v  0.7616 4.0885 -5.1045
v  0.7616 4.0885 -1.0666
v  0.7616 4.0885 -7.1906
v  0.0000 2.3184 -1.0666
v  0.0000 2.3184 -5.1045
v  0.5070 2.3184 -5.1045
v  0.5070 2.3184 -1.0666
v  0.0000 2.3184 -9.2183
v  0.5071 2.3184 -9.2183
v  0.0000 2.5885 -9.2183
v  0.5071 2.5885 -9.2183
v  0.0000 4.5885 -7.2183
v  0.0000 4.5885 -5.1045
v  0.5071 4.5885 -5.1045
v  0.5071 4.5885 -7.2183
v  0.0000 4.5885 -1.0666
v  0.5071 4.5885 -1.0666
v  0.5071 3.3085 -9.1383
v  0.0000 3.3085 -9.1383
v  0.5071 3.8685 -8.8983
v  0.0000 3.8685 -8.8983
v  0.5071 4.2685 -8.4983
v  0.0000 4.2685 -8.4983
v  0.5071 4.5085 -7.9383
v  0.0000 4.5085 -7.9383
v  0.7616 2.3189 -8.7183
v  0.7616 2.5608 -8.7183
v  0.7616 3.1797 -8.6495
v  0.7616 3.5830 -8.4766
v  0.7616 3.8469 -8.2128
v  0.7616 4.0197 -7.8094
v  0.6372 3.0970 -9.3014
v  0.7972 3.7578 -10.4000
v  0.6372 4.0170 -9.3014
v  0.0000 2.8041 -9.3014
v  0.0000 2.7514 -10.2342
v  0.4548 2.7514 -10.2342
v  0.3872 2.8041 -9.3014
v  0.0000 4.7219 -10.8630
v  0.0000 4.2670 -9.3014
v  0.3872 4.2670 -9.3014
v  0.4548 4.7219 -10.8630
v  0.7972 3.1108 -10.1947
v  0.7972 4.4167 -11.0110
v  0.3720 3.0452 -9.3014
v  0.0000 3.0452 -9.3014
v  0.5048 3.1781 -9.3014
v  0.5048 3.9342 -9.3014
v  0.3720 4.0670 -9.3014
v  0.0000 4.0670 -9.3014
v  0.3720 3.0452 -8.2224
v  0.0000 3.0452 -8.2224
v  0.5048 3.1781 -8.2224
v  0.5048 3.9342 -8.2224
v  0.3720 4.0670 -8.2224
v  0.0000 4.0670 -8.2224
v  0.9234 2.8189 0.4288
v  0.9234 2.8189 -0.5712
v  0.9234 4.0889 -0.5712
v  0.9234 4.0889 0.4288
v  0.0000 2.3189 0.4288
v  0.0000 2.3189 -0.5712
v  0.4234 2.3189 -0.5712
v  0.4234 2.3189 0.4288
v  0.0000 4.5889 -0.5712
v  0.0000 4.5889 0.4288
v  0.4234 4.5889 0.4288
v  0.4234 4.5889 -0.5712
v  0.3198 4.3389 -0.5712
v  0.0000 4.3389 -0.5712
v  0.6734 3.9853 -0.5712
v  0.6734 2.9224 -0.5712
v  0.3198 2.5689 -0.5712
v  0.0000 2.5689 -0.5712
v  0.3198 4.3389 -1.5712
v  0.0000 4.3389 -1.5712
v  0.6734 3.9853 -1.5712
v  0.6734 2.9224 -1.5712
v  0.3198 2.5689 -1.5712
v  0.0000 2.5689 -1.5712
v  0.6757 0.6489 -18.9806
v  0.6757 0.6489 -19.8588
v  0.6757 1.5489 -19.8588
v  0.6757 1.5489 -18.9806
v  0.0000 0.4239 -18.9806
v  0.0000 0.4239 -19.8588
v  0.3948 0.4239 -19.8588
v  0.3948 0.4239 -18.9806
v  0.0000 1.6839 -20.0582
v  0.3567 1.6839 -20.0582
v  0.3567 0.5139 -20.0582
v  0.0000 0.5139 -20.0582
v  0.0000 1.7739 -19.8588
v  0.0000 1.7739 -18.9806
v  0.3948 1.7739 -18.9806
v  0.3948 1.7739 -19.8588
v  0.5757 1.5085 -20.0582
v  0.5757 0.6893 -20.0582
v  0.6000 1.0989 -11.7973
v  0.4243 0.6746 -11.7973
v  0.4243 0.6746 -19.0761
v  0.6000 1.0989 -19.0761
v  0.0000 0.4989 -11.7973
v  0.0000 0.4989 -19.0761
v  0.0000 1.6989 -11.7973
v  0.4243 1.5231 -11.7973
v  0.4243 1.5231 -19.0761
v  0.0000 1.6989 -19.0761
v  0.5600 -2.6581 -19.3556
v  0.5600 -1.8454 -19.3556
v  0.5600 -1.8454 -18.6160
v  0.5600 -2.6581 -18.6160
v  0.0000 -2.9081 -18.6160
v  0.0000 -2.9081 -19.3556
v  0.3100 -2.9081 -19.3556
v  0.3100 -2.9081 -18.6160
v  0.0000 -1.8454 -19.3556
v  0.0000 -1.8454 -18.6160
v  0.5600 0.6966 -19.0843
v  0.0000 0.6966 -19.0843
v  0.5600 0.6966 -19.8239
v  0.0000 0.6966 -19.8239
v  0.3561 -1.2690 -14.1486
v  0.3561 0.7329 -12.9443
v  0.3561 0.7329 -12.3558
v  0.3561 -1.9189 -13.9394
v  0.0000 -1.9189 -17.3424
v  0.3443 -1.9189 -17.3424
v  0.0000 -1.9189 -13.9394
v  0.0000 0.7329 -12.3558
v  0.0000 0.7329 -12.9443
v  0.0000 -1.2690 -14.1486
v  0.3676 -1.2690 -17.5096
v  0.0000 -1.2690 -17.5096
v  0.4267 -2.7503 -18.1805
v  0.4500 -1.9834 -18.1805
v  0.0000 -2.7503 -18.1805
v  0.0000 -1.9834 -18.1805
v  0.4267 -2.7503 -18.8038
v  0.4500 -1.9834 -18.8038
v  0.0000 -2.7503 -18.8038
v  0.0000 -1.9834 -18.8038
v  0.0000 -2.2434 -5.5353
v  0.4884 -2.2434 -5.5353
v  0.4884 -1.9994 -3.4617
v  0.0000 -1.9994 -3.4617
v  0.0000 0.3950 -10.2154
v  0.4884 0.3950 -10.2154
v  0.4036 -0.8786 -10.5646
v  0.0000 -0.8786 -10.5646
v  0.0000 2.0639 -7.3173
v  0.2120 2.0639 -7.3173
v  0.2120 2.0639 -10.2154
v  0.0000 2.0639 -10.2154
v  0.2930 2.0246 -10.1654
v  0.2930 2.0246 -7.3173
v  0.7817 1.4050 -7.3173
v  0.7817 1.4050 -10.1654
v  0.7317 1.4050 -10.2154
v  0.0000 1.4050 -10.2154
v  0.5384 0.3950 -10.1654
v  0.7699 1.3564 -10.2154
v  0.5384 0.3950 -7.3173
v  0.0000 1.4050 -11.7654
v  0.7706 1.4050 -11.7654
v  0.0000 -1.0337 -10.0271
v  0.4662 -1.0337 -10.0271
v  0.4884 -1.0337 -6.6354
v  0.0000 -1.0337 -6.6354
v  0.0000 -2.7137 -6.4023
v  0.4884 -2.7137 -6.4023
v  0.4884 -2.7137 -6.0511
v  0.0000 -2.7137 -6.0511
v  0.0000 -1.5360 -6.4023
v  0.4884 -1.5360 -6.4023
v  0.5384 -1.0337 -6.5854
v  0.5384 -1.0337 -3.4617
v  0.5384 -1.5466 -6.3576
v  0.5384 0.3950 -3.4617
v  0.5384 -0.9886 -6.6570
v  0.5384 -2.2137 -5.5756
v  0.5384 -2.6637 -6.0725
v  0.5384 -2.6637 -6.3523
v  0.0000 -1.4108 -10.8322
v  0.2102 -1.4108 -10.8322
v  0.2102 -1.5945 -10.4270
v  0.0000 -1.5945 -10.4270
v  0.4612 -0.8923 -10.5171
v  0.5085 -1.0200 -10.0746
v  0.2716 -1.5331 -10.4445
v  0.2770 -1.3893 -10.7657
v  0.8089 1.3564 -11.6010
v  0.9720 0.3950 -7.3173
v  0.9720 0.3950 -3.4617
v  0.0000 2.0639 -6.7386
v  0.9720 2.1007 -6.7386
v  0.9720 2.1007 -7.3173
v  0.0000 0.7222 -3.4617
v  0.9720 0.7590 -3.4617
v  0.9720 0.7590 -6.7386
v  0.0000 0.7590 -6.7386
v  0.5384 -1.9494 -3.4617
v  0.4131 4.5171 -11.0683
v  0.0000 4.5171 -11.0683
v  0.6588 4.3112 -11.1637
v  0.6656 3.6677 -10.5780
v  0.4132 2.8798 -10.4097
v  0.6714 3.1108 -10.4084
v  0.0000 2.8798 -10.4097
v  0.4131 4.2370 -10.3031
v  0.0000 4.2370 -10.3031
v  0.6358 4.0594 -10.3031
v  0.3933 2.8971 -10.3031
v  0.6369 3.1164 -10.3031
v  0.0000 2.8971 -10.3031
v  -0.3279 1.7819 4.2721
v  -0.3279 1.7820 14.3561
v  -0.5779 0.5550 15.0824
v  -0.5779 0.5550 14.3561
v  -0.5779 -0.4221 14.3561
v  -0.3279 0.5550 15.3324
v  -0.3279 -0.6721 14.3561
v  -0.5779 -0.4221 4.2721
v  -0.5779 0.5550 4.2721
v  -0.3279 -0.6721 4.2721
v  -0.5779 1.5320 14.3561
v  -0.5779 1.5319 4.2721
v  -0.2496 1.2722 15.1046
v  -0.2496 2.0961 15.1046
v  -0.2496 2.3206 4.3177
v  -0.2496 1.2722 4.3177
v  -0.2496 1.2722 17.0362
v  -0.2496 1.3243 17.0362
v  -0.2500 -1.4701 14.8916
v  -0.2500 -1.7026 7.9553
v  -0.2500 -1.4343 15.9888
v  -0.2500 -0.6908 18.0148
v  -0.2500 0.1985 18.9903
v  -0.2500 0.8272 14.8916
v  -0.2500 -1.1762 17.1283
v  -0.2500 0.6937 17.9363
v  -0.2500 -2.3220 6.4020
v  -0.2500 -3.6259 5.1259
v  -0.2500 -4.4425 3.8017
v  -0.2500 0.8272 7.9553
v  -0.2500 0.8272 5.7424
v  -0.2500 -1.8759 7.1225
v  -0.2500 -1.4906 5.4566
v  -0.2500 -3.2205 4.7066
v  -0.2500 -4.7594 1.8465
v  -0.2500 -4.7439 0.4453
v  -0.2500 -4.0228 3.5846
v  -0.2500 -4.1847 1.6684
v  -0.2500 -3.9778 0.7704
v  -0.2010 -4.7735 0.5337
v  -0.2785 -1.7169 -2.7572
v  -0.1289 -1.0647 -2.4803
v  -0.0755 -4.1302 0.8034
v  -0.2010 -4.2682 0.7448
v  -0.2785 -1.2028 -2.5389
v  -0.2943 0.6332 18.1191
v  -0.2943 0.6332 15.1450
v  -0.4779 0.8680 14.9582
v  -0.4779 0.8680 17.9323
v  -0.4779 1.4690 17.4541
v  -0.4779 1.4690 14.4800
v  -0.2943 1.7038 14.2932
v  -0.2943 1.7038 17.2673
v  -0.5381 1.4540 4.5094
v  -0.8476 1.2020 4.5094
v  -0.8476 1.1152 4.8334
v  -0.5381 1.3335 4.9594
v  -0.8476 0.8780 5.0706
v  -0.5381 1.0040 5.2888
v  -0.8476 0.5540 5.1574
v  -0.5381 0.5540 5.4094
v  -0.8476 0.2300 5.0706
v  -0.5381 0.1040 5.2888
v  -0.8476 -0.0071 4.8334
v  -0.5381 -0.2254 4.9594
v  -0.8476 -0.0940 4.5094
v  -0.5381 -0.3460 4.5094
v  -1.1500 1.9126 4.5252
v  -1.1500 2.6126 4.5252
v  -1.1500 2.6126 3.5252
v  -1.1500 1.9126 3.5252
v  -0.7800 1.9126 4.5252
v  -0.7800 2.7784 4.5252
v  -0.7800 -0.8582 3.5252
v  -0.7800 -0.8582 4.5252
v  -1.1500 -0.6924 4.5252
v  -1.1500 -0.6924 3.5252
v  -0.7800 2.7784 3.5252
v  -0.7800 2.7784 0.8785
v  -1.1500 2.6126 0.8785
v  -0.7800 1.9126 3.5252
v  -0.7800 1.9126 0.4711
v  -1.1500 1.9126 0.4711
v  -1.1500 3.3126 0.4711
v  -1.1500 2.6126 0.0638
v  -0.7800 2.6126 0.0638
v  -0.7800 3.3126 0.4711
v  -0.5633 3.3126 -5.6333
v  -0.9333 3.3126 -5.6333
v  -0.9333 2.6126 -6.1611
v  -0.5633 2.6126 -6.1611
v  -0.7800 2.7784 0.7819
v  -0.5633 3.9929 -6.1611
v  -0.9333 3.9929 -6.1611
v  -0.9333 3.2929 -6.6889
v  -0.3663 5.3294 -7.5500
v  -0.7791 4.6612 -6.8555
v  -0.7791 4.3112 -7.7361
v  -0.5633 3.2929 -6.6889
v  -0.3663 5.3294 -8.7832
v  -1.0906 1.9624 -6.6739
v  -0.7206 1.9624 -6.6739
v  -0.7206 2.4455 -7.3601
v  -1.0906 2.4455 -7.3601
v  -1.0906 0.8216 -6.6739
v  -0.7206 0.8216 -6.6739
v  -0.7206 0.3340 -7.3601
v  -1.0906 0.3340 -7.3601
v  -1.0906 0.8216 -2.9171
v  -0.7206 0.8216 -2.9171
v  -0.7206 0.3340 -2.9171
v  -1.0906 0.3340 -2.9171
v  -1.2231 -1.5587 -2.3501
v  -1.2231 1.8648 -2.3501
v  -1.2231 1.8648 -3.5706
v  -1.2231 -1.5587 -3.5706
v  -0.5834 -2.3087 -2.3501
v  -0.5834 -2.3087 -3.5706
v  -0.5834 2.6148 -3.5706
v  -0.5834 2.6148 -2.3501
v  -0.5862 2.3189 -1.0666
v  -0.7616 4.0885 -1.0666
v  -0.7616 4.0885 -5.1045
v  -0.5862 2.3189 -5.1045
v  -0.7616 4.0885 -7.1906
v  -0.5070 2.3184 -1.0666
v  -0.5070 2.3184 -5.1045
v  -0.5071 2.3184 -9.2183
v  -0.5071 2.5885 -9.2183
v  -0.5071 4.5885 -7.2183
v  -0.5071 4.5885 -5.1045
v  -0.5071 4.5885 -1.0666
v  -0.5071 3.3085 -9.1383
v  -0.5071 3.8685 -8.8983
v  -0.5071 4.2685 -8.4983
v  -0.5071 4.5085 -7.9383
v  -0.7616 2.3189 -8.7183
v  -0.7616 2.5608 -8.7183
v  -0.7616 3.1797 -8.6495
v  -0.7616 3.5830 -8.4766
v  -0.7616 3.8469 -8.2128
v  -0.7616 4.0197 -7.8094
v  -0.6372 3.0970 -9.3014
v  -0.6372 4.0170 -9.3014
v  -0.7972 3.7578 -10.4000
v  -0.3872 2.8041 -9.3014
v  -0.4548 2.7514 -10.2342
v  -0.4548 4.7219 -10.8630
v  -0.3872 4.2670 -9.3014
v  -0.7972 3.1108 -10.1947
v  -0.7972 4.4167 -11.0110
v  -0.3720 3.0452 -9.3014
v  -0.5048 3.1781 -9.3014
v  -0.5048 3.9342 -9.3014
v  -0.3720 4.0670 -9.3014
v  -0.3720 3.0452 -8.2224
v  -0.5048 3.1781 -8.2224
v  -0.5048 3.9342 -8.2224
v  -0.3720 4.0670 -8.2224
v  -0.9234 2.8189 0.4288
v  -0.9234 4.0889 0.4288
v  -0.9234 4.0889 -0.5712
v  -0.9234 2.8189 -0.5712
v  -0.4234 2.3189 0.4288
v  -0.4234 2.3189 -0.5712
v  -0.4234 4.5889 -0.5712
v  -0.4234 4.5889 0.4288
v  -0.3198 4.3389 -0.5712
v  -0.6734 3.9853 -0.5712
v  -0.6734 2.9224 -0.5712
v  -0.3198 2.5689 -0.5712
v  -0.3198 4.3389 -1.5712
v  -0.6734 3.9853 -1.5712
v  -0.6734 2.9224 -1.5712
v  -0.3198 2.5689 -1.5712
v  -0.6757 0.6489 -18.9806
v  -0.6757 1.5489 -18.9806
v  -0.6757 1.5489 -19.8588
v  -0.6757 0.6489 -19.8588
v  -0.3948 0.4239 -18.9806
v  -0.3948 0.4239 -19.8588
v  -0.3567 0.5139 -20.0582
v  -0.3567 1.6839 -20.0582
v  -0.3948 1.7739 -19.8588
v  -0.3948 1.7739 -18.9806
v  -0.5757 1.5085 -20.0582
v  -0.5757 0.6893 -20.0582
v  -0.6000 1.0989 -11.7973
v  -0.6000 1.0989 -19.0761
v  -0.4243 0.6746 -19.0761
v  -0.4243 0.6746 -11.7973
v  -0.4243 1.5231 -19.0761
v  -0.4243 1.5231 -11.7973
v  -0.5600 -2.6581 -19.3556
v  -0.5600 -2.6581 -18.6160
v  -0.5600 -1.8454 -18.6160
v  -0.5600 -1.8454 -19.3556
v  -0.3100 -2.9081 -18.6160
v  -0.3100 -2.9081 -19.3556
v  -0.5600 0.6966 -19.0843
v  -0.5600 0.6966 -19.8239
v  -0.3561 -1.2690 -14.1486
v  -0.3561 -1.9189 -13.9394
v  -0.3561 0.7329 -12.3558
v  -0.3561 0.7329 -12.9443
v  -0.3443 -1.9189 -17.3424
v  -0.3676 -1.2690 -17.5096
v  -0.4500 -1.9834 -18.1805
v  -0.4267 -2.7503 -18.1805
v  -0.4500 -1.9834 -18.8038
v  -0.4267 -2.7503 -18.8038
v  -0.4884 -1.9994 -3.4617
v  -0.4884 -2.2434 -5.5353
v  -0.4036 -0.8786 -10.5646
v  -0.4884 0.3950 -10.2154
v  -0.2120 2.0639 -10.2154
v  -0.2120 2.0639 -7.3173
v  -0.2930 2.0246 -10.1654
v  -0.7817 1.4050 -10.1654
v  -0.7817 1.4050 -7.3173
v  -0.2930 2.0246 -7.3173
v  -0.7317 1.4050 -10.2154
v  -0.5384 0.3950 -10.1654
v  -0.5384 0.3950 -7.3173
v  -0.7699 1.3564 -10.2154
v  -0.7706 1.4050 -11.7654
v  -0.4884 -1.0337 -6.6354
v  -0.4662 -1.0337 -10.0271
v  -0.4884 -2.7137 -6.0511
v  -0.4884 -2.7137 -6.4023
v  -0.4884 -1.5360 -6.4023
v  -0.5384 -1.0337 -6.5854
v  -0.5384 -1.5466 -6.3576
v  -0.5384 -1.0337 -3.4617
v  -0.5384 0.3950 -3.4617
v  -0.5384 -0.9886 -6.6570
v  -0.5384 -2.2137 -5.5756
v  -0.5384 -2.6637 -6.3523
v  -0.5384 -2.6637 -6.0725
v  -0.2102 -1.5945 -10.4270
v  -0.2102 -1.4108 -10.8322
v  -0.4612 -0.8923 -10.5171
v  -0.2770 -1.3893 -10.7657
v  -0.2716 -1.5331 -10.4445
v  -0.5085 -1.0200 -10.0746
v  -0.8089 1.3564 -11.6010
v  -0.9720 0.3950 -3.4617
v  -0.9720 0.3950 -7.3173
v  -0.9720 2.1007 -7.3173
v  -0.9720 2.1007 -6.7386
v  -0.9720 0.7590 -6.7386
v  -0.9720 0.7590 -3.4617
v  -0.5384 -1.9494 -3.4617
v  -0.4131 4.5171 -11.0683
v  -0.6588 4.3112 -11.1637
v  -0.6656 3.6677 -10.5780
v  -0.6714 3.1108 -10.4084
v  -0.4132 2.8798 -10.4097
v  -0.4131 4.2370 -10.3031
v  -0.6358 4.0594 -10.3031
v  -0.6369 3.1164 -10.3031
v  -0.3933 2.8971 -10.3031
v  0.4578 -0.9905 -9.6490
v  0.4578 -0.9905 -8.6053
v  0.4578 -2.2536 -8.6076
v  0.4578 -1.7653 -9.8539
v  0.2795 -0.9905 -9.8860
v  0.2795 -1.6689 -10.0226
v  0.4580 -2.5165 -9.2944
v  0.2795 -2.3837 -10.5440
v  0.4580 -2.4269 -10.3296
v  0.4580 -4.4710 -10.3104
v  0.4580 -3.9149 -11.3792
v  0.2795 -3.7990 -11.5963
v  0.4580 -4.9258 -10.3175
v  0.4580 -4.5803 -11.6444
v  0.2795 -4.4916 -11.8923
v  0.2605 -4.6166 -10.1007
v  0.2605 -4.9775 -10.0414
v  0.2605 -2.5428 -9.0594
v  0.0000 -1.6689 -10.0968
v  -0.0000 -0.9905 -9.9602
v  -0.0000 -2.3837 -10.6183
v  0.0000 -0.9905 -8.6053
v  0.0000 -2.3257 -8.6076
v  0.0000 -3.7990 -11.6705
v  -0.0000 -2.5832 -8.9894
v  0.0000 -4.6166 -10.0307
v  0.0000 -4.4651 -11.9665
v  0.0000 -4.9775 -9.9714
v  -0.0000 -4.9258 -10.3175
v  0.0000 -4.5803 -11.6444
v  0.3737 2.2835 -3.2339
v  0.2444 2.2066 -3.2339
v  0.2444 2.2066 -9.1897
v  0.3737 2.2835 -9.1896
v  -0.0000 2.3665 -3.2339
v  0.2657 2.3665 -3.2339
v  0.2657 2.3665 -9.1896
v  0.0000 2.3665 -9.1896
v  0.0000 2.2066 -9.1897
v  0.0000 2.2835 -9.1896
v  0.2444 2.1581 -9.4703
v  0.0000 2.1581 -9.4704
v  0.2444 2.1581 -10.5799
v  0.1310 2.1581 -10.6684
v  0.2444 2.0148 -10.2052
v  0.2444 2.0147 -10.0071
v  0.2444 2.0138 -3.2339
v  0.2444 2.0138 -6.6445
v  0.2444 2.0139 -6.8779
v  0.2444 2.0148 -10.4345
v  0.2444 2.0860 -10.4345
v  0.6408 1.4174 3.9259
v  0.6854 1.4174 3.9259
v  0.6854 1.4174 -2.4664
v  0.6408 1.4174 -2.4664
v  0.7532 1.4984 3.9259
v  0.7532 1.4984 -2.4664
v  0.8666 1.4318 3.9259
v  0.8666 1.4318 -2.4664
v  0.0000 -2.2501 -6.6710
v  0.3911 -2.2501 -6.6728
v  0.3911 -2.2501 -6.2561
v  -0.0000 -2.2501 -6.2561
v  0.3911 -2.0357 -6.6728
v  -0.0000 -2.0357 -6.6728
v  0.3911 -0.9707 -6.2561
v  0.3911 -1.4639 -6.4940
v  0.3911 -1.1568 -6.6412
v  -0.0000 -1.4639 -6.4940
v  -0.0000 -1.1568 -6.6412
v  0.3911 -1.7587 -6.4940
v  0.0000 -1.7587 -6.4940
v  0.3911 -0.9707 -6.9117
v  0.0000 -0.9707 -6.9117
v  0.3911 -2.2501 -8.0775
v  0.3911 -2.2501 -8.6138
v  0.3911 -2.1034 -8.0775
v  0.3911 -0.9707 -8.6138
v  0.3911 -1.1568 -8.2606
v  0.3911 -1.5939 -8.4380
v  0.3911 -1.9374 -8.3132
v  0.3911 -0.9707 -7.9581
v  0.0000 -2.2501 -8.0782
v  -0.0000 -2.2501 -8.6138
v  -0.0000 -0.9629 -7.9602
v  -0.0000 -1.1568 -8.2606
v  0.0000 -1.5939 -8.4380
v  0.0000 -1.9374 -8.3132
v  -0.0000 -2.1034 -8.0775
v  0.3258 -2.1385 -8.0788
v  0.3258 -2.1385 -6.6696
v  0.3258 -2.2349 -6.6696
v  0.3258 -2.2349 -8.0788
v  0.0000 -2.1385 -8.0788
v  0.0000 -2.1385 -6.6696
v  0.0000 -2.2349 -6.6696
v  0.0000 -2.2349 -8.0788
v  0.1799 -0.9504 -7.9622
v  0.1799 -0.9504 -7.5838
v  0.1799 -1.2113 -7.6991
v  0.1799 -1.2113 -7.9574
v  0.0000 -0.9504 -7.5838
v  0.0000 -1.2113 -7.6991
v  -0.0000 -1.2113 -7.9574
v  0.1799 -1.6909 -7.8757
v  0.1799 -1.6954 -7.7199
v  0.0000 -1.6954 -7.7199
v  0.0000 -1.6909 -7.8757
v  0.1799 -1.9749 -7.5834
v  -0.0000 -1.9749 -7.5834
v  0.1309 2.0860 -10.6684
v  0.0000 2.0860 -10.6889
v  0.0000 2.1581 -10.6889
v  0.2444 2.0860 -10.5800
v  -0.0000 2.0148 -10.2052
v  0.0000 2.0148 -10.4345
v  0.0000 2.0860 -10.4345
v  0.0000 0.6975 16.4485
v  0.2636 0.7831 16.4485
v  0.2636 0.7831 18.5062
v  0.0000 0.6975 18.5062
v  0.4265 1.0073 16.4485
v  0.4265 1.0073 18.5062
v  0.4265 1.2844 16.4485
v  0.4265 1.2844 18.5062
v  0.2636 1.5086 16.4485
v  0.2636 1.5086 18.5062
v  0.0000 1.5943 16.4485
v  0.0000 1.5943 18.5062
v  0.1914 0.8825 18.5062
v  0.0000 0.8203 18.5062
v  0.3096 1.0453 18.5062
v  0.3096 1.2465 18.5062
v  0.1914 1.4093 18.5062
v  0.0000 1.4714 18.5062
v  0.0000 1.1459 17.7486
v  1.1037 1.2170 -2.3828
v  0.9835 1.6510 -2.3828
v  0.9835 1.6510 4.4657
v  1.1037 1.2170 4.4657
v  0.7621 1.8778 -2.3828
v  0.7621 1.8778 4.4657
v  0.7621 0.5561 -2.3828
v  0.9835 0.7829 -2.3828
v  0.9835 0.7829 4.4657
v  0.7621 0.5561 4.4657
v  0.6626 1.8257 -2.3828
v  0.6626 1.8257 4.4657
v  0.6626 0.6082 4.4657
v  0.6626 0.6082 -2.3828
v  0.4578 0.4029 -6.8779
v  0.5829 0.8222 -6.8779
v  0.5829 0.8222 -6.6446
v  0.4578 0.4029 -6.3175
v  0.7313 1.3899 -6.4394
v  0.9086 1.2531 -6.4394
v  0.9086 1.2531 -6.6446
v  0.7306 1.3899 -6.6446
v  0.9086 0.9817 -6.4394
v  0.9086 0.9817 -6.6446
v  0.7465 0.9020 -6.4394
v  0.7458 0.9020 -6.6446
v  0.5828 0.8223 -3.2339
v  0.4578 0.4029 -3.5841
v  0.4580 0.4029 -3.2339
v  0.7306 1.3899 -3.2339
v  0.9086 1.2531 -3.2339
v  0.9093 1.2531 -3.7847
v  0.7313 1.3899 -3.7847
v  0.9086 0.9817 -3.2339
v  0.9093 0.9817 -3.7847
v  0.7464 0.9020 -3.7847
v  0.4784 1.7142 -3.7848
v  0.6831 0.9732 -3.7847
v  0.6831 0.9731 -6.4394
v  0.4785 1.7143 -6.4393
v  0.1409 1.7143 -6.4393
v  0.1409 0.9733 -6.4394
v  0.3765 1.8451 -6.2963
v  0.1409 1.8451 -6.2963
v  0.3764 1.8450 -3.9301
v  0.1409 1.8450 -3.9301
v  0.1409 1.7142 -3.7848
v  0.1409 0.9733 -3.7847
v  -0.4578 -0.9905 -9.6490
v  -0.4578 -1.7653 -9.8539
v  -0.4578 -2.2536 -8.6076
v  -0.4578 -0.9905 -8.6053
v  -0.2795 -0.9905 -9.8860
v  -0.2795 -1.6689 -10.0226
v  -0.4580 -2.5165 -9.2944
v  -0.2795 -2.3837 -10.5440
v  -0.4580 -2.4269 -10.3296
v  -0.4580 -3.9149 -11.3792
v  -0.4580 -4.4710 -10.3104
v  -0.2795 -3.7990 -11.5963
v  -0.4580 -4.5803 -11.6444
v  -0.4580 -4.9258 -10.3175
v  -0.2795 -4.4916 -11.8923
v  -0.2605 -4.9775 -10.0414
v  -0.2605 -4.6166 -10.1007
v  -0.2605 -2.5428 -9.0594
v  -0.3737 2.2835 -3.2339
v  -0.3737 2.2835 -9.1896
v  -0.2444 2.2066 -9.1897
v  -0.2444 2.2066 -3.2339
v  -0.2657 2.3665 -9.1896
v  -0.2657 2.3665 -3.2339
v  -0.2444 2.1581 -9.4703
v  -0.2444 2.1581 -10.5799
v  -0.1310 2.1581 -10.6684
v  -0.2444 2.0138 -3.2339
v  -0.2444 2.0138 -6.6445
v  -0.2444 2.0139 -6.8779
v  -0.2444 2.0148 -10.2052
v  -0.2444 2.0860 -10.4345
v  -0.2444 2.0148 -10.4345
v  -0.6854 1.4174 -2.4664
v  -0.6854 1.4174 3.9259
v  -0.6408 1.4174 3.9259
v  -0.6408 1.4174 -2.4664
v  -0.7532 1.4984 -2.4664
v  -0.7532 1.4984 3.9259
v  -0.8666 1.4318 -2.4664
v  -0.8666 1.4318 3.9259
v  -0.3911 -2.2501 -6.2561
v  -0.3911 -2.2501 -6.6728
v  -0.3911 -2.0357 -6.6728
v  -0.3911 -0.9707 -6.2561
v  -0.3911 -1.1568 -6.6412
v  -0.3911 -1.4639 -6.4940
v  -0.3911 -1.7587 -6.4940
v  -0.3911 -0.9707 -6.9117
v  -0.3911 -2.2501 -8.0775
v  -0.3911 -2.1034 -8.0775
v  -0.3911 -2.2501 -8.6138
v  -0.3911 -0.9707 -8.6138
v  -0.3911 -1.5939 -8.4380
v  -0.3911 -1.1568 -8.2606
v  -0.3911 -1.9374 -8.3132
v  -0.3911 -0.9707 -7.9581
v  -0.3258 -2.1385 -8.0788
v  -0.3258 -2.2349 -8.0788
v  -0.3258 -2.2349 -6.6696
v  -0.3258 -2.1385 -6.6696
v  -0.1799 -0.9504 -7.9622
v  -0.1799 -1.2113 -7.9574
v  -0.1799 -1.2113 -7.6991
v  -0.1799 -0.9504 -7.5838
v  -0.1799 -1.6909 -7.8757
v  -0.1799 -1.6954 -7.7199
v  -0.1799 -1.9749 -7.5834
v  -0.1309 2.0860 -10.6684
v  -0.2444 2.0860 -10.5800
v  -0.2636 0.7831 18.5062
v  -0.2636 0.7831 16.4485
v  -0.4265 1.0073 18.5062
v  -0.4265 1.0073 16.4485
v  -0.4265 1.2844 18.5062
v  -0.4265 1.2844 16.4485
v  -0.2636 1.5086 18.5062
v  -0.2636 1.5086 16.4485
v  -0.1914 0.8825 18.5062
v  -0.3096 1.0453 18.5062
v  -0.3096 1.2465 18.5062
v  -0.1914 1.4093 18.5062
v  -1.1037 1.2170 -2.3828
v  -1.1037 1.2170 4.4657
v  -0.9835 1.6510 4.4657
v  -0.9835 1.6510 -2.3828
v  -0.7621 1.8778 4.4657
v  -0.7621 1.8778 -2.3828
v  -0.7621 0.5561 -2.3828
v  -0.7621 0.5561 4.4657
v  -0.9835 0.7829 4.4657
v  -0.9835 0.7829 -2.3828
v  -0.6626 1.8257 4.4657
v  -0.6626 1.8257 -2.3828
v  -0.6626 0.6082 -2.3828
v  -0.6626 0.6082 4.4657
v  -0.5829 0.8222 -6.6446
v  -0.5829 0.8222 -6.8779
v  -0.4578 0.4029 -6.8779
v  -0.4578 0.4029 -6.3175
v  -0.7313 1.3899 -6.4394
v  -0.7306 1.3899 -6.6446
v  -0.9086 1.2531 -6.6446
v  -0.9086 1.2531 -6.4394
v  -0.9086 0.9817 -6.6446
v  -0.9086 0.9817 -6.4394
v  -0.7458 0.9020 -6.6446
v  -0.7465 0.9020 -6.4394
v  -0.4578 0.4029 -3.5841
v  -0.5828 0.8223 -3.2339
v  -0.4580 0.4029 -3.2339
v  -0.7306 1.3899 -3.2339
v  -0.7313 1.3899 -3.7847
v  -0.9093 1.2531 -3.7847
v  -0.9086 1.2531 -3.2339
v  -0.9093 0.9817 -3.7847
v  -0.9086 0.9817 -3.2339
v  -0.7464 0.9020 -3.7847
v  -0.4784 1.7142 -3.7848
v  -0.6831 0.9732 -3.7847
v  -0.6831 0.9731 -6.4394
v  -0.1409 0.9733 -6.4394
v  -0.1409 1.7143 -6.4393
v  -0.4785 1.7143 -6.4393
v  -0.1409 1.8451 -6.2963
v  -0.3765 1.8451 -6.2963
v  -0.1409 1.8450 -3.9301
v  -0.3764 1.8450 -3.9301
v  -0.1409 1.7142 -3.7848
v  -0.1409 0.9733 -3.7847
v  -0.8486 1.2626 -3.7847
v  -0.7553 1.4036 -3.7847
v  -0.7553 1.4036 -6.4394
v  -0.8486 1.2626 -6.4394
v  -0.5042 1.7301 -3.7848
v  -0.5043 1.7302 -6.4393
v  -0.4125 1.8450 -3.9301
v  -0.4127 1.8451 -6.2963
v  -0.7354 1.3899 -3.7847
v  -0.8030 0.9177 -3.7847
v  -0.7710 0.9020 -3.7847
v  -0.8030 0.9177 -6.4394
v  -0.7710 0.9020 -6.4394
v  -0.7354 1.3899 -6.4394
v  -0.4722 1.7323 -6.4393
v  -0.3806 1.8451 -6.2963
v  -0.3805 1.8450 -3.9301
v  -0.4720 1.7322 -3.7848
v  -0.8593 0.9900 -3.7847
v  -0.9273 1.0344 -3.7847
v  -0.9273 1.0344 -6.4394
v  -0.8593 0.9900 -6.4394
v  -0.9493 1.1646 -3.7847
v  -0.9215 1.2204 -3.7847
v  -0.9215 1.2203 -6.4394
v  -0.9493 1.1646 -6.4394
v  -0.9516 1.0902 -3.7847
v  -0.9517 1.0902 -6.4394
v  0.0000 -0.1018 -2.3828
v  0.4341 0.0185 -2.3828
v  0.4341 0.0185 4.4657
v  -0.0000 -0.1018 4.4657
v  0.6609 0.2398 -2.3828
v  0.6609 0.2398 4.4657
v  -0.6609 0.2398 -2.3828
v  -0.4341 0.0185 -2.3828
v  -0.4341 0.0185 4.4657
v  -0.6609 0.2398 4.4657
v  0.6087 0.3393 -2.3828
v  0.6087 0.3393 4.4657
v  -0.6087 0.3393 4.4657
v  -0.6087 0.3393 -2.3828
v  0.5102 1.7659 -2.4664
v  0.2443 1.9975 -2.4664
v  0.2443 1.9975 3.9258
v  0.5102 1.7659 3.9258
v  0.2444 2.2192 -2.4664
v  0.2444 2.2192 3.9258
v  0.3737 2.2953 -2.4664
v  0.3737 2.2953 3.9258
v  0.2657 2.3636 -2.4664
v  -0.0000 2.3636 -2.4664
v  0.0000 2.3636 3.9258
v  0.2657 2.3636 3.9258
v  0.8666 0.9182 -2.4664
v  0.8666 0.9182 3.9259
v  0.5102 0.5853 -2.4664
v  0.6408 0.9325 -2.4664
v  0.6408 0.9325 3.9259
v  0.5102 0.5853 3.9258
v  0.2672 0.3803 -2.4664
v  0.2672 0.3803 3.9258
v  0.6854 0.9325 -2.4664
v  0.6854 0.9325 3.9259
v  0.7532 0.8515 -2.4664
v  0.7532 0.8515 3.9259
v  0.2672 0.2160 -2.4664
v  0.2672 0.2160 3.9258
v  0.4088 0.1464 -2.4664
v  0.4088 0.1464 3.9258
v  0.0000 0.0937 -2.4664
v  0.3074 0.0937 -2.4664
v  0.3074 0.0937 3.9258
v  0.0000 0.0937 3.9258
v  -0.2443 1.9975 -2.4664
v  -0.5102 1.7659 -2.4664
v  -0.5102 1.7659 3.9258
v  -0.2443 1.9975 3.9258
v  -0.2444 2.2192 -2.4664
v  -0.2444 2.2192 3.9258
v  -0.3737 2.2953 -2.4664
v  -0.3737 2.2953 3.9258
v  -0.2657 2.3636 -2.4664
v  -0.2657 2.3636 3.9258
v  -0.8666 0.9182 -2.4664
v  -0.8666 0.9182 3.9259
v  -0.6408 0.9325 -2.4664
v  -0.5102 0.5853 -2.4664
v  -0.5102 0.5853 3.9258
v  -0.6408 0.9325 3.9259
v  -0.2672 0.3803 -2.4664
v  -0.2672 0.3803 3.9258
v  -0.6854 0.9325 -2.4664
v  -0.6854 0.9325 3.9259
v  -0.7532 0.8515 -2.4664
v  -0.7532 0.8515 3.9259
v  -0.2672 0.2160 -2.4664
v  -0.2672 0.2160 3.9258
v  -0.4088 0.1464 -2.4664
v  -0.4088 0.1464 3.9258
v  -0.3074 0.0937 -2.4664
v  -0.3074 0.0937 3.9258
v  -0.7306 1.3899 -6.8779
v  -0.7084 1.4184 -6.8779
v  0.7306 1.3899 -6.8779
v  0.7084 1.4184 -6.8779
v  0.4578 -0.1648 -10.2034
v  0.2795 -0.4081 -10.3456
v  0.2795 -0.3552 -10.6387
v  0.4578 -0.0686 -10.6103
v  0.2795 -0.3552 -11.9075
v  0.4578 -0.0437 -11.9075
v  0.0000 -0.4231 -10.6387
v  0.0000 -0.4231 -11.9075
v  0.0000 -0.4760 -10.3456
v  0.7306 1.3899 -10.0071
v  0.5829 0.8222 -10.0071
v  0.5829 0.8222 -11.9075
v  0.7306 1.3899 -11.9075
v  0.4578 0.4029 -11.9075
v  0.4578 0.4029 -9.8658
v  0.3917 1.8246 -10.2052
v  0.4106 1.8004 -10.0071
v  0.3917 1.8246 -11.9075
v  -0.0000 1.8246 -10.2052
v  0.0000 1.8246 -11.9075
v  0.4665 0.4319 -10.0071
v  0.6969 1.3847 -11.9711
v  0.5560 0.8160 -11.9711
v  0.0000 0.7089 -11.9711
v  0.0000 1.7722 -11.9711
v  0.3737 1.7722 -11.9711
v  0.4367 0.4160 -11.9711
v  0.4239 -0.0336 -11.9711
v  0.2666 -0.3070 -11.9711
v  0.0000 -0.3718 -11.9711
v  -0.4578 -0.1648 -10.2034
v  -0.4578 -0.0686 -10.6103
v  -0.2795 -0.3552 -10.6387
v  -0.2795 -0.4081 -10.3456
v  -0.4578 -0.0437 -11.9075
v  -0.2795 -0.3552 -11.9075
v  -0.7306 1.3899 -10.0071
v  -0.7306 1.3899 -11.9075
v  -0.5829 0.8222 -11.9075
v  -0.5829 0.8222 -10.0071
v  -0.4578 0.4029 -11.9075
v  -0.4578 0.4029 -9.8658
v  -0.3917 1.8246 -10.2052
v  -0.3917 1.8246 -11.9075
v  -0.4106 1.8004 -10.0071
v  -0.4665 0.4319 -10.0071
v  -0.6969 1.3847 -11.9711
v  -0.5560 0.8160 -11.9711
v  -0.3737 1.7722 -11.9711
v  -0.4367 0.4160 -11.9711
v  -0.4239 -0.0336 -11.9711
v  -0.2666 -0.3070 -11.9711
v  0.8686 3.5551 1.9566
v  0.8686 3.5551 0.2804
v  0.7532 3.9859 0.2804
v  0.7532 3.9859 1.9566
v  0.4378 4.3013 0.2804
v  0.4378 4.3013 1.9566
v  0.4378 2.8088 1.9566
v  0.4378 2.8088 0.2804
v  0.7532 3.1242 0.2804
v  0.7532 3.1242 1.9566
v  0.5771 3.8883 -10.1582
v  0.6664 3.5551 -10.1582
v  0.6664 3.5551 -11.3968
v  0.5771 3.8883 -11.3968
v  0.3396 4.1322 -10.1582
v  0.3396 4.1322 -11.3968
v  0.0000 4.2215 -10.1582
v  0.0000 4.2215 -11.3968
v  0.3396 2.9780 -10.1582
v  0.0000 2.8887 -10.1582
v  -0.0000 2.8887 -11.3968
v  0.3396 2.9780 -11.3968
v  0.5771 3.2219 -10.1582
v  0.5771 3.2219 -11.3968
v  0.5920 3.5551 -11.3968
v  0.5127 3.8511 -11.3968
v  0.3003 4.0677 -11.3968
v  0.0000 4.1470 -11.3968
v  -0.0000 2.9631 -11.3968
v  0.3003 3.0424 -11.3968
v  0.5127 3.2591 -11.3968
v  0.5920 3.5551 -10.9150
v  0.5127 3.8511 -10.9150
v  0.3003 4.0677 -10.9150
v  0.0000 4.1470 -10.9150
v  0.0000 2.9631 -10.9150
v  0.3003 3.0424 -10.9150
v  0.5127 3.2591 -10.9150
v  0.6586 3.9313 1.9566
v  0.7594 3.5551 1.9566
v  0.3832 4.2067 1.9566
v  0.0000 4.3076 1.9566
v  0.0000 4.4168 1.9566
v  0.0000 2.6934 1.9566
v  0.3832 2.9034 1.9566
v  0.0000 2.8026 1.9566
v  0.6586 3.1788 1.9566
v  0.6586 3.9313 0.9858
v  0.7594 3.5551 0.9858
v  0.3832 4.2067 0.9858
v  0.0000 4.3076 0.9858
v  0.3832 2.9034 0.9858
v  0.0000 2.8026 0.9858
v  0.6586 3.1788 0.9858
v  -0.0000 3.5551 -11.1704
v  0.0000 3.5551 1.3378
v  -0.0000 2.6934 0.2804
v  0.0000 4.4168 0.2804
v  -0.7532 3.9859 0.2804
v  -0.8686 3.5551 0.2804
v  -0.8686 3.5551 1.9566
v  -0.7532 3.9859 1.9566
v  -0.4378 4.3013 0.2804
v  -0.4378 4.3013 1.9566
v  -0.7532 3.1242 0.2804
v  -0.4378 2.8088 0.2804
v  -0.4378 2.8088 1.9566
v  -0.7532 3.1242 1.9566
v  -0.5771 3.8883 -10.1582
v  -0.5771 3.8883 -11.3968
v  -0.6664 3.5551 -11.3968
v  -0.6664 3.5551 -10.1582
v  -0.3396 4.1322 -10.1582
v  -0.3396 4.1322 -11.3968
v  -0.3396 2.9780 -10.1582
v  -0.3396 2.9780 -11.3968
v  -0.5771 3.2219 -10.1582
v  -0.5771 3.2219 -11.3968
v  -0.5127 3.8511 -11.3968
v  -0.5920 3.5551 -11.3968
v  -0.3003 4.0677 -11.3968
v  -0.3003 3.0424 -11.3968
v  -0.5127 3.2591 -11.3968
v  -0.5127 3.8511 -10.9150
v  -0.5920 3.5551 -10.9150
v  -0.3003 4.0677 -10.9150
v  -0.3003 3.0424 -10.9150
v  -0.5127 3.2591 -10.9150
v  -0.7594 3.5551 1.9566
v  -0.6586 3.9313 1.9566
v  -0.3832 4.2067 1.9566
v  -0.3832 2.9034 1.9566
v  -0.6586 3.1788 1.9566
v  -0.7594 3.5551 0.9858
v  -0.6586 3.9313 0.9858
v  -0.3832 4.2067 0.9858
v  -0.3832 2.9034 0.9858
v  -0.6586 3.1788 0.9858
# 1225 vertices

vn 0.0000 1.0000 -0.0000
vn -0.0000 1.0000 -0.0000
vn 1.0000 -0.0000 -0.0000
vn -0.0000 -0.9007 0.4344
vn 0.0000 -0.9007 0.4344
vn -0.0000 -0.6226 0.7825
vn -0.0000 -1.0000 -0.0000
vn 0.0000 -1.0000 -0.0000
vn -0.0000 0.9998 0.0208
vn 0.0000 0.9998 0.0208
vn 0.8040 0.5945 0.0124
vn 0.7823 0.5785 0.2311
vn -0.0000 -0.9993 0.0371
vn -0.0000 -0.9920 0.1260
vn 0.8933 -0.4466 0.0511
vn 0.8943 -0.4472 0.0148
vn 0.8886 -0.4552 0.0566
vn 0.0000 -0.9881 0.1539
vn -0.0000 -0.7928 0.6094
vn 0.9095 -0.3452 0.2317
vn 0.9610 0.1595 0.2259
vn -0.0000 0.1960 0.9806
vn 0.8981 -0.4155 0.1439
vn 0.0000 -0.9239 0.3827
vn -0.0000 0.9191 0.3940
vn 0.4921 0.7879 0.3702
vn 0.8815 -0.3739 0.2883
vn -0.0000 -0.7899 0.6133
vn -0.0000 -0.7790 0.6270
vn 0.8714 -0.3856 0.3032
vn -0.0000 -0.9354 0.3536
vn 0.8670 -0.4681 0.1710
vn 0.8941 -0.4157 0.1664
vn 0.0000 -0.9307 0.3658
vn 1.0000 0.0000 -0.0000
vn -0.0000 -0.9955 0.0948
vn 0.0000 -0.9962 0.0866
vn 0.9066 -0.4210 0.0281
vn 0.8634 -0.5034 0.0347
vn 1.0000 0.0000 0.0000
vn -0.0000 0.1224 -0.9925
vn 0.0000 0.2628 -0.9649
vn -0.0000 0.2628 -0.9649
vn 0.0000 0.6285 -0.7778
vn 0.0000 0.9385 -0.3453
vn 0.0000 0.9975 0.0710
vn 0.0000 0.9745 0.2245
vn 0.3655 -0.6841 -0.6311
vn 0.0000 0.7310 0.6824
vn 0.9998 -0.0071 0.0169
vn 0.7137 0.5049 0.4856
vn 0.0000 0.6226 0.7825
vn 0.7876 -0.6162 -0.0000
vn 0.7876 0.6162 -0.0000
vn 0.7071 0.7071 -0.0000
vn 0.5742 -0.5005 0.6479
vn 0.5742 0.5005 0.6479
vn 0.7071 -0.7071 -0.0000
vn 0.6182 0.7592 0.2034
vn 0.6314 0.6716 0.3877
vn 0.6314 0.3877 0.6716
vn 0.6314 0.0000 0.7755
vn 0.6314 -0.3877 0.6716
vn 0.6314 -0.6716 0.3877
vn 0.6182 -0.7592 0.2034
vn 0.0000 0.0000 1.0000
vn 0.4091 -0.9125 0.0000
vn 0.4091 0.9125 -0.0000
vn 0.0000 0.0000 -1.0000
vn 0.0000 -1.0000 0.0000
vn 0.4091 0.9125 0.0000
vn 1.0000 -0.0000 0.0000
vn 0.0000 -0.5029 -0.8643
vn 0.9991 0.0235 -0.0351
vn -0.0000 -1.0000 0.0000
vn 0.0000 1.0000 0.0000
vn -0.0000 0.5029 0.8643
vn -0.0000 1.0000 0.0000
vn 0.0000 0.5029 0.8643
vn 0.0000 0.6130 0.7901
vn 0.0000 0.5030 0.8643
vn -0.0000 0.7205 0.6934
vn 0.9918 0.1025 -0.0764
vn 0.0000 -0.7169 -0.6971
vn 0.0000 0.7205 0.6934
vn -0.0000 -0.6192 0.7852
vn 0.0000 0.6209 -0.7839
vn 0.9866 0.1179 0.1130
vn 0.7608 -0.6490 0.0000
vn 0.7608 0.6490 0.0000
vn 0.9951 -0.0986 -0.0000
vn 0.9964 -0.0848 0.0079
vn 0.9959 -0.0899 0.0074
vn 0.0000 0.0553 -0.9985
vn 0.0000 0.2549 -0.9670
vn -0.0000 0.5606 -0.8281
vn 0.0000 0.5606 -0.8281
vn -0.0000 0.8281 -0.5606
vn -0.0000 0.9191 -0.3939
vn 0.0000 0.9191 -0.3939
vn 0.0000 0.9939 -0.1104
vn 0.0062 -1.0000 -0.0000
vn 0.0028 -1.0000 0.0001
vn 0.8912 0.0000 -0.4536
vn 0.8915 0.0251 -0.4524
vn 0.8932 0.1146 -0.4348
vn 0.8945 0.2506 -0.3702
vn 0.8945 0.3702 -0.2506
vn 0.8932 0.4348 -0.1146
vn 0.8915 0.4524 -0.0251
vn 0.8912 0.4536 -0.0000
vn 0.0000 -0.0000 1.0000
vn 0.9877 0.0188 0.1551
vn 0.9879 0.0751 0.1357
vn 0.9901 0.0280 0.1375
vn 0.0000 -0.9984 0.0563
vn 0.0000 0.9601 0.2796
vn 0.7330 -0.6720 0.1056
vn 0.6956 0.6818 0.2265
vn 0.7071 0.7071 0.0000
vn 0.9014 -0.4329 0.0000
vn 0.9014 0.4329 0.0000
vn 0.3313 -0.9435 0.0000
vn 0.3313 0.9435 0.0000
vn 0.3313 0.9435 -0.0000
vn -0.0000 0.9115 -0.4114
vn 0.3019 0.8460 -0.4394
vn 0.2920 0.8496 -0.4392
vn 0.7959 0.3753 -0.4751
vn 0.7894 0.3892 -0.4747
vn 0.7959 -0.3753 -0.4751
vn 0.7894 -0.3892 -0.4747
vn 0.3019 -0.8460 -0.4394
vn 0.2920 -0.8496 -0.4392
vn 0.0000 -0.9115 -0.4114
vn -0.0000 -0.9115 -0.4114
vn 0.7071 -0.7071 0.0000
vn 0.9239 -0.3827 -0.0000
vn 0.3827 -0.9239 -0.0000
vn 0.0000 -0.0910 -0.9959
vn 0.0000 0.0910 0.9959
vn 0.0000 0.1812 0.9834
vn -0.0000 -0.1812 -0.9834
vn -0.0000 -0.0910 -0.9959
vn 1.0000 0.0005 0.0016
vn 1.0000 -0.0026 0.0015
vn 0.0000 -0.9247 0.3808
vn 0.0000 -0.9214 0.3886
vn 0.0000 -0.8694 0.4942
vn 0.0000 -0.8697 0.4936
vn -0.0000 -0.5127 0.8586
vn 0.0000 -0.5127 0.8586
vn -0.0000 0.5155 -0.8569
vn 0.0000 0.5155 -0.8569
vn -0.0000 0.8708 -0.4917
vn 0.0000 0.8705 -0.4922
vn -0.0000 0.9130 -0.4079
vn -0.0000 0.9178 -0.3971
vn 0.9984 -0.0246 0.0514
vn 0.9982 -0.0216 0.0552
vn 0.9987 -0.0270 0.0443
vn 0.9953 -0.0302 0.0925
vn 0.0000 -0.9282 0.3722
vn -0.0000 0.9224 -0.3862
vn 0.0000 0.9178 -0.3971
vn 0.9995 -0.0304 0.0000
vn 0.9995 -0.0304 -0.0000
vn 0.0000 -0.9932 0.1168
vn 0.0000 -0.3549 -0.9349
vn -0.0000 -0.4000 -0.9165
vn 0.0000 0.2644 -0.9644
vn -0.0169 0.9999 -0.0037
vn 0.7852 0.6193 -0.0000
vn 0.9723 -0.2337 0.0099
vn 0.9723 -0.2336 0.0113
vn 0.9722 -0.2342 -0.0000
vn -0.0000 -0.8378 -0.5460
vn 0.0000 -0.7389 0.6739
vn 0.0000 -0.4210 -0.9071
vn 1.0000 -0.0022 -0.0009
vn 0.0000 -0.9108 -0.4129
vn 0.0000 0.4493 -0.8934
vn 0.9420 -0.2966 -0.1571
vn 0.0000 -0.5805 0.8142
vn 0.9722 -0.2328 0.0274
vn -0.0000 0.9999 -0.0108
vn -0.0440 0.9990 -0.0057
vn -0.0484 0.9988 0.0000
vn -0.0189 0.9998 0.0056
vn 0.9982 -0.0245 -0.0542
vn 0.9995 -0.0184 -0.0259
vn 0.6177 0.4866 -0.6177
vn 0.4707 -0.7462 -0.4707
vn 0.6738 0.1551 -0.7224
vn 0.4363 0.8998 -0.0000
vn 0.6176 0.4871 -0.6176
vn 0.5371 -0.8435 -0.0002
vn 0.6883 -0.0016 -0.7255
vn 0.6427 -0.7605 0.0923
vn 0.7085 -0.5222 0.4747
vn 0.6337 -0.3198 -0.7044
vn 0.5980 -0.7323 -0.3257
vn 0.6657 0.1248 -0.7357
vn 0.6886 -0.6039 0.4014
vn 0.5408 -0.7445 -0.3915
vn 0.7683 0.6397 0.0204
vn 0.9208 0.3849 -0.0637
vn 0.0000 0.7081 -0.7061
vn 0.2759 0.6534 -0.7050
vn 0.8125 -0.3921 -0.4314
vn 0.6334 -0.6116 -0.4741
vn 0.0000 -0.8072 -0.5903
vn -0.0000 -0.9390 -0.3438
vn -0.6434 -0.7248 -0.2463
vn -0.9980 -0.0475 -0.0406
vn -0.6472 0.7221 -0.2443
vn 0.0000 0.9871 -0.1601
vn 0.8416 -0.1569 -0.5168
vn 0.9826 0.0561 0.1768
vn 0.9870 0.1093 0.1179
vn 0.9988 0.0000 0.0485
vn 0.9988 -0.0027 0.0483
vn 0.9988 -0.0122 0.0465
vn 0.9988 -0.0269 0.0419
vn 0.9984 -0.0451 0.0342
vn 0.9975 -0.0674 0.0223
vn -0.9468 -0.1028 -0.3050
vn -0.9943 -0.0012 -0.1062
vn 0.9930 -0.0283 -0.1143
vn -0.0713 0.3699 -0.9263
vn -1.0000 -0.0000 -0.0000
vn 0.0000 -0.6226 0.7825
vn -1.0000 0.0000 -0.0000
vn -0.8040 0.5945 0.0124
vn -0.7823 0.5785 0.2311
vn -0.8943 -0.4472 0.0148
vn -0.8933 -0.4466 0.0511
vn -0.8886 -0.4552 0.0566
vn -0.9610 0.1595 0.2259
vn -0.9095 -0.3452 0.2317
vn -0.8981 -0.4155 0.1439
vn -0.4921 0.7879 0.3702
vn -0.8815 -0.3739 0.2883
vn -0.8714 -0.3856 0.3032
vn -0.8670 -0.4681 0.1710
vn -0.8941 -0.4157 0.1664
vn -0.8634 -0.5034 0.0347
vn -0.9066 -0.4210 0.0281
vn -1.0000 -0.0000 0.0000
vn -1.0000 0.0000 0.0000
vn 0.0000 0.1224 -0.9925
vn -0.3655 -0.6841 -0.6311
vn -0.9998 -0.0071 0.0169
vn -0.7137 0.5049 0.4856
vn -0.0000 0.6226 0.7825
vn -0.7876 -0.6162 -0.0000
vn -0.7876 0.6162 -0.0000
vn -0.7071 0.7071 -0.0000
vn -0.5742 -0.5005 0.6479
vn -0.5742 0.5005 0.6479
vn -0.7071 -0.7071 -0.0000
vn -0.6182 0.7592 0.2034
vn -0.6314 0.6716 0.3877
vn -0.6314 0.3877 0.6716
vn -0.6314 0.0000 0.7755
vn -0.6314 -0.3877 0.6716
vn -0.6314 -0.6716 0.3877
vn -0.6182 -0.7592 0.2034
vn -0.4091 -0.9125 0.0000
vn -0.4091 0.9125 -0.0000
vn -0.4091 0.9125 0.0000
vn -0.9991 0.0235 -0.0351
vn -0.0000 0.5030 0.8643
vn -0.9918 0.1025 -0.0764
vn -0.0000 -0.7169 -0.6971
vn 0.0000 -0.6192 0.7852
vn -0.9866 0.1179 0.1130
vn -0.7608 -0.6490 -0.0000
vn -0.7608 0.6490 -0.0000
vn -0.9951 -0.0986 -0.0000
vn -0.9964 -0.0848 0.0079
vn -0.9959 -0.0899 0.0074
vn 0.0000 0.8281 -0.5606
vn -0.0062 -1.0000 -0.0000
vn -0.0028 -1.0000 0.0001
vn -0.8912 -0.0000 -0.4536
vn -0.8915 0.0251 -0.4524
vn -0.8932 0.1146 -0.4348
vn -0.8945 0.2506 -0.3702
vn -0.8945 0.3702 -0.2506
vn -0.8932 0.4348 -0.1146
vn -0.8915 0.4524 -0.0251
vn -0.8912 0.4536 -0.0000
vn -0.0000 -0.0000 1.0000
vn -0.9877 0.0188 0.1551
vn -0.9901 0.0280 0.1375
vn -0.9879 0.0751 0.1357
vn -0.0000 0.9601 0.2796
vn -0.7330 -0.6720 0.1056
vn -0.6956 0.6818 0.2265
vn -0.7071 0.7071 0.0000
vn -0.9014 -0.4329 0.0000
vn -0.9014 0.4329 0.0000
vn -0.3313 -0.9435 0.0000
vn -0.3313 0.9435 0.0000
vn -0.2920 0.8496 -0.4392
vn -0.3019 0.8460 -0.4394
vn -0.7894 0.3892 -0.4747
vn -0.7959 0.3753 -0.4751
vn -0.7894 -0.3892 -0.4747
vn -0.7959 -0.3753 -0.4751
vn -0.2920 -0.8496 -0.4392
vn -0.3019 -0.8460 -0.4394
vn -0.7071 -0.7071 0.0000
vn -0.9239 -0.3827 -0.0000
vn -0.3827 -0.9239 -0.0000
vn -0.0000 0.1812 0.9834
vn -0.0000 0.0910 0.9959
vn 0.0000 -0.1812 -0.9834
vn -1.0000 0.0005 0.0016
vn -1.0000 -0.0026 0.0015
vn 0.0000 0.8708 -0.4917
vn 0.0000 0.9130 -0.4079
vn -0.9984 -0.0246 0.0514
vn -0.9953 -0.0302 0.0925
vn -0.9987 -0.0270 0.0443
vn -0.9982 -0.0216 0.0552
vn 0.0000 0.9224 -0.3862
vn -0.9995 -0.0304 -0.0000
vn -0.9995 -0.0304 0.0000
vn -0.0000 0.2644 -0.9644
vn 0.0000 -0.4000 -0.9165
vn 0.0169 0.9999 -0.0037
vn -0.7852 0.6193 -0.0000
vn -0.9723 -0.2337 0.0099
vn -0.9722 -0.2342 -0.0000
vn -0.9723 -0.2336 0.0113
vn 0.0000 -0.8378 -0.5460
vn -1.0000 -0.0022 -0.0009
vn -0.9420 -0.2966 -0.1571
vn -0.9722 -0.2328 0.0274
vn 0.0484 0.9988 0.0000
vn 0.0440 0.9990 -0.0057
vn 0.0189 0.9998 0.0056
vn -0.9995 -0.0184 -0.0259
vn -0.9982 -0.0245 -0.0542
vn -0.6177 0.4866 -0.6177
vn -0.4707 -0.7462 -0.4707
vn -0.6738 0.1551 -0.7224
vn -0.4363 0.8998 -0.0000
vn -0.6176 0.4871 -0.6176
vn -0.5371 -0.8435 -0.0002
vn -0.6883 -0.0016 -0.7255
vn -0.6427 -0.7605 0.0923
vn -0.7085 -0.5222 0.4747
vn -0.6337 -0.3198 -0.7044
vn -0.5980 -0.7323 -0.3257
vn -0.6657 0.1248 -0.7357
vn -0.6886 -0.6039 0.4014
vn -0.5408 -0.7445 -0.3915
vn -0.7683 0.6397 0.0204
vn -0.9208 0.3849 -0.0637
vn -0.0000 0.7081 -0.7061
vn -0.2759 0.6534 -0.7050
vn -0.8125 -0.3921 -0.4314
vn -0.6334 -0.6116 -0.4741
vn 0.0000 -0.9390 -0.3438
vn 0.6434 -0.7248 -0.2463
vn 0.9980 -0.0475 -0.0406
vn 0.6472 0.7221 -0.2443
vn -0.8416 -0.1569 -0.5168
vn -0.9826 0.0561 0.1768
vn -0.9870 0.1093 0.1179
vn -0.9988 -0.0027 0.0483
vn -0.9988 -0.0000 0.0485
vn -0.9988 -0.0122 0.0465
vn -0.9988 -0.0269 0.0419
vn -0.9984 -0.0451 0.0342
vn -0.9975 -0.0674 0.0223
vn 0.9468 -0.1028 -0.3050
vn 0.9943 -0.0012 -0.1062
vn -0.9930 -0.0283 -0.1143
vn 0.0713 0.3699 -0.9263
vn 0.9608 0.0709 -0.2679
vn 0.7067 -0.0012 0.7075
vn 0.6399 -0.3672 0.6750
vn 0.9475 0.1334 -0.2906
vn 0.5591 0.1800 -0.8093
vn 0.5256 0.3325 -0.7831
vn 0.9518 -0.2056 0.2275
vn 0.5005 0.5129 -0.6974
vn 0.9344 0.2096 -0.2882
vn 0.9569 -0.0810 0.2788
vn 0.9450 0.1589 -0.2860
vn 0.5378 0.4215 -0.7301
vn 0.7376 -0.6602 0.1418
vn 0.7266 -0.5521 -0.4089
vn 0.4496 -0.3655 -0.8151
vn 0.5777 -0.1212 0.8072
vn 0.4512 -0.6531 0.6082
vn 0.4443 -0.6723 0.5921
vn 0.0000 0.4162 -0.9093
vn -0.0000 0.1974 -0.9803
vn 0.0000 0.5933 -0.8050
vn -0.0000 -0.0017 1.0000
vn 0.0000 -0.5280 0.8492
vn -0.0000 0.4916 -0.8708
vn 0.0000 -0.6710 0.7415
vn -0.0000 -0.1592 0.9872
vn -0.0000 -0.3229 -0.9464
vn -0.0000 -0.6411 0.7674
vn -0.0000 -0.9778 -0.2096
vn 0.0000 -0.9556 -0.2946
vn 0.9983 -0.0590 0.0000
vn 0.8693 -0.4942 0.0000
vn 0.7951 0.0420 -0.6051
vn 0.8271 -0.0488 -0.5600
vn 0.3216 0.9469 0.0000
vn 0.2468 0.7265 -0.6414
vn 0.0000 0.7071 -0.7071
vn 0.0000 0.6442 -0.7648
vn 0.0000 0.0002 -1.0000
vn 0.7269 0.6843 -0.0587
vn -0.0000 0.9963 -0.0854
vn 0.7047 0.6204 -0.3442
vn 0.3005 0.6547 -0.6936
vn 0.8944 -0.4472 0.0000
vn 0.9457 0.3251 0.0003
vn 0.9456 0.3252 -0.0003
vn 0.9766 0.2152 0.0001
vn 0.5774 -0.5774 -0.5774
vn 0.9045 -0.3015 -0.3015
vn 0.5697 0.8219 0.0000
vn -0.4230 0.9062 -0.0000
vn -0.4230 0.9061 -0.0000
vn 0.5697 0.8219 -0.0000
vn -0.1700 0.9854 -0.0000
vn 0.8681 0.4964 -0.0000
vn 0.8681 0.4964 0.0000
vn 0.0000 -0.7112 -0.7030
vn 0.5768 -0.5775 -0.5777
vn 0.6487 0.2152 -0.7300
vn 0.0000 0.2800 -0.9600
vn 0.7606 -0.1439 -0.6331
vn 0.7700 -0.4148 -0.4849
vn 0.0000 -0.2216 -0.9751
vn 0.0000 -0.6500 -0.7599
vn 0.7766 0.1781 -0.6042
vn 0.0000 0.2828 -0.9592
vn 0.3581 -0.7693 -0.5291
vn 0.0000 -0.8239 -0.5667
vn 0.5769 -0.5773 0.5779
vn 0.6164 0.3622 0.6992
vn 0.7844 -0.4007 0.4734
vn 0.7975 -0.0112 0.6033
vn 0.7812 0.3792 0.4960
vn 0.3224 -0.8011 0.5042
vn -0.0000 -0.7089 0.7054
vn 0.0000 -0.8609 -0.5088
vn -0.0000 -0.6417 0.7670
vn 0.0000 -0.0186 0.9998
vn 0.0000 0.6074 0.7944
vn 0.0000 0.4583 0.8888
vn 0.7155 -0.0130 -0.6985
vn 0.5923 -0.3256 0.7370
vn 0.7513 -0.1501 0.6426
vn 0.6899 -0.0661 -0.7209
vn 0.0000 -0.4041 0.9147
vn 0.0000 -0.2274 0.9738
vn 0.0000 -0.0899 -0.9960
vn 0.6435 -0.3563 -0.6775
vn 0.7669 0.1311 0.6283
vn 0.0000 0.2042 0.9789
vn 0.0000 -0.4655 -0.8850
vn 0.5389 -0.6822 0.4942
vn 0.0000 -0.8098 0.5867
vn 0.3002 -0.6549 -0.6935
vn -0.0000 -0.6739 -0.7388
vn 0.0000 0.6740 -0.7388
vn 0.7047 -0.6204 -0.3443
vn 0.0000 -0.7071 -0.7071
vn 0.5878 -0.8090 -0.0000
vn 0.4498 -0.6191 0.6437
vn -0.0000 -0.7653 0.6437
vn 0.9511 -0.3090 -0.0000
vn 0.7278 -0.2365 0.6437
vn 0.9511 0.3090 0.0000
vn 0.7278 0.2365 0.6437
vn 0.5878 0.8090 0.0000
vn 0.4498 0.6191 0.6437
vn -0.0000 0.7653 0.6437
vn -0.2729 0.3756 0.8857
vn 0.0000 0.4642 0.8857
vn -0.4415 0.1435 0.8857
vn -0.4415 -0.1435 0.8857
vn -0.2729 -0.3756 0.8857
vn 0.0000 -0.4642 0.8857
vn 0.8670 0.4984 0.0000
vn 0.7156 0.6985 0.0000
vn 0.7156 -0.6985 -0.0000
vn 0.8670 -0.4984 -0.0000
vn 0.8670 -0.4984 0.0000
vn 0.7156 -0.6985 0.0000
vn -0.4640 0.8858 -0.0000
vn -0.4640 -0.8858 -0.0000
vn 0.9583 -0.2859 0.0000
vn 0.9583 -0.2859 -0.0000
vn 0.6099 0.7925 -0.0010
vn 0.4406 -0.8977 -0.0007
vn 0.7029 -0.2096 -0.6797
vn 0.9583 -0.2856 0.0000
vn 0.9585 -0.2851 -0.0006
vn -0.0000 0.0000 -1.0000
vn -0.0001 0.0000 -1.0000
vn 0.6091 0.7931 0.0008
vn 1.0000 -0.0000 0.0013
vn 0.4396 -0.8982 0.0006
vn 0.7886 0.6149 0.0006
vn 0.7887 0.6148 0.0008
vn 0.7886 0.6149 0.0010
vn 0.4399 -0.8980 -0.0014
vn 0.4384 -0.8988 0.0000
vn 0.4380 -0.8990 0.0000
vn 0.4381 -0.8989 0.0000
vn 0.8688 -0.4951 0.0000
vn 0.0000 -0.0001 1.0000
vn 0.0000 -0.7377 0.6752
vn 0.0000 -1.0000 -0.0001
vn 0.0000 -0.7432 -0.6691
vn 0.0001 -0.0001 -1.0000
vn 0.7468 0.6651 0.0000
vn 0.0003 1.0000 -0.0000
vn 0.0001 -0.0000 1.0000
vn 0.7886 0.6149 -0.0021
vn 0.7888 0.6146 -0.0026
vn 0.9335 0.3586 -0.0010
vn 0.7876 0.6162 -0.0003
vn 0.7880 0.6157 0.0001
vn -0.9608 0.0709 -0.2679
vn -0.9475 0.1334 -0.2906
vn -0.6399 -0.3672 0.6750
vn -0.7067 -0.0012 0.7075
vn -0.5591 0.1800 -0.8093
vn -0.5256 0.3325 -0.7831
vn -0.9518 -0.2056 0.2275
vn -0.5005 0.5129 -0.6974
vn -0.9344 0.2096 -0.2882
vn -0.9450 0.1589 -0.2860
vn -0.9569 -0.0810 0.2788
vn -0.5378 0.4215 -0.7301
vn -0.7266 -0.5521 -0.4089
vn -0.7376 -0.6602 0.1418
vn -0.4496 -0.3655 -0.8151
vn -0.4512 -0.6531 0.6082
vn -0.5777 -0.1212 0.8072
vn -0.4443 -0.6723 0.5921
vn -0.9983 -0.0590 0.0000
vn -0.8271 -0.0488 -0.5600
vn -0.7951 0.0420 -0.6051
vn -0.8693 -0.4942 0.0000
vn -0.2468 0.7265 -0.6414
vn -0.3216 0.9469 0.0000
vn -0.7269 0.6843 -0.0587
vn -0.7047 0.6204 -0.3442
vn -0.3005 0.6547 -0.6936
vn -0.9457 0.3251 0.0003
vn -0.9456 0.3252 -0.0003
vn -0.9766 0.2152 0.0001
vn -0.8944 -0.4472 -0.0000
vn -0.9045 -0.3015 -0.3015
vn -0.5774 -0.5774 -0.5774
vn 0.4230 0.9061 -0.0000
vn -0.5697 0.8219 0.0000
vn 0.1700 0.9854 -0.0000
vn -0.8681 0.4964 0.0000
vn -0.5768 -0.5775 -0.5777
vn -0.6487 0.2152 -0.7300
vn -0.7700 -0.4148 -0.4849
vn -0.7606 -0.1439 -0.6331
vn -0.7766 0.1781 -0.6042
vn -0.3581 -0.7693 -0.5291
vn -0.5769 -0.5773 0.5779
vn -0.6164 0.3622 0.6992
vn -0.7975 -0.0112 0.6033
vn -0.7844 -0.4007 0.4734
vn -0.7812 0.3792 0.4960
vn -0.3224 -0.8011 0.5042
vn -0.7155 -0.0130 -0.6985
vn -0.6899 -0.0661 -0.7209
vn -0.7513 -0.1501 0.6426
vn -0.5923 -0.3256 0.7370
vn -0.6435 -0.3563 -0.6775
vn -0.7669 0.1311 0.6283
vn -0.5389 -0.6822 0.4942
vn -0.3002 -0.6549 -0.6935
vn -0.7047 -0.6204 -0.3443
vn -0.4498 -0.6191 0.6437
vn -0.5878 -0.8090 -0.0000
vn -0.7278 -0.2365 0.6437
vn -0.9511 -0.3090 -0.0000
vn -0.7278 0.2365 0.6437
vn -0.9511 0.3090 0.0000
vn -0.4498 0.6191 0.6437
vn -0.5878 0.8090 0.0000
vn 0.2729 0.3756 0.8857
vn 0.4415 0.1435 0.8857
vn 0.4415 -0.1435 0.8857
vn 0.2729 -0.3756 0.8857
vn -0.8670 0.4984 0.0000
vn -0.7156 0.6985 0.0000
vn -0.7156 -0.6985 -0.0000
vn -0.7156 -0.6985 0.0000
vn -0.8670 -0.4984 0.0000
vn -0.8670 -0.4984 -0.0000
vn 0.4640 0.8858 -0.0000
vn 0.4640 -0.8858 -0.0000
vn -0.9583 -0.2859 0.0000
vn -0.9583 -0.2859 -0.0000
vn -0.6099 0.7925 -0.0010
vn -0.4406 -0.8977 -0.0007
vn -0.7029 -0.2096 -0.6797
vn -0.9583 -0.2856 0.0000
vn -0.9585 -0.2851 -0.0006
vn 0.0001 0.0000 -1.0000
vn 0.0001 -0.0000 -1.0000
vn -0.6091 0.7931 0.0008
vn -1.0000 0.0000 0.0013
vn -0.4396 -0.8982 0.0006
vn -0.7886 0.6149 0.0006
vn -0.7886 0.6149 0.0010
vn -0.7887 0.6148 0.0008
vn -0.4399 -0.8980 -0.0014
vn -0.4384 -0.8988 0.0000
vn -0.8688 -0.4951 0.0000
vn -0.4381 -0.8989 0.0000
vn -0.4380 -0.8990 0.0000
vn -0.0000 -0.0001 1.0000
vn -0.0001 -0.0001 -1.0000
vn -0.7468 0.6651 0.0000
vn -0.0003 1.0000 -0.0000
vn -0.0001 -0.0000 1.0000
vn -0.7886 0.6149 -0.0021
vn -0.9335 0.3586 -0.0010
vn -0.7888 0.6146 -0.0026
vn -0.7876 0.6162 -0.0003
vn -0.7880 0.6157 0.0001
vn -0.6857 0.7279 -0.0000
vn -0.8138 0.5811 0.0000
vn -0.8139 0.5810 -0.0000
vn -0.7890 0.6143 0.0001
vn -0.7892 0.6141 0.0000
vn -0.7817 0.6236 0.0001
vn -0.7820 0.6233 0.0001
vn -0.4394 -0.8983 0.0000
vn 0.0000 0.0001 -1.0000
vn -0.0260 0.7899 -0.6127
vn 0.0000 1.0000 0.0001
vn -0.0261 0.7948 0.6064
vn 0.0000 0.0002 1.0000
vn -0.6773 -0.7357 0.0000
vn -0.7637 -0.6456 0.0000
vn -0.6774 -0.7356 0.0000
vn -0.9697 0.2443 0.0000
vn -0.7287 0.6848 -0.0000
vn -0.9697 0.2444 0.0000
vn -0.9819 -0.1892 0.0000
vn -0.7891 -0.6143 0.0000
vn -0.7892 -0.6142 0.0000
vn 0.4984 -0.8670 0.0000
vn 0.6985 -0.7156 0.0000
vn -0.6985 -0.7156 -0.0000
vn -0.4984 -0.8670 -0.0000
vn -0.4984 -0.8670 0.0000
vn -0.6985 -0.7156 0.0000
vn 0.8858 0.4640 -0.0000
vn -0.8858 0.4640 -0.0000
vn 0.8217 0.5700 0.0000
vn 0.9103 0.4141 0.0000
vn 0.8680 -0.4966 0.0000
vn 0.9999 -0.0160 0.0000
vn 0.9999 -0.0160 -0.0000
vn 0.2782 0.9605 0.0000
vn 0.8681 -0.4964 0.0000
vn 0.8168 -0.5769 0.0000
vn 0.5692 -0.8222 0.0000
vn 0.9068 -0.4215 0.0000
vn -0.4229 -0.9062 -0.0000
vn -0.4230 -0.9062 0.0000
vn -0.1700 -0.9854 0.0000
vn 0.8488 0.5287 0.0000
vn 0.9999 0.0111 0.0000
vn 0.2372 -0.9715 0.0000
vn -0.9103 0.4141 0.0000
vn -0.8217 0.5700 0.0000
vn -0.8680 -0.4966 0.0000
vn -0.9999 -0.0160 -0.0000
vn -0.9999 -0.0160 0.0000
vn -0.2782 0.9605 0.0000
vn -0.8681 -0.4964 0.0000
vn -0.8681 -0.4965 0.0000
vn -0.5692 -0.8222 0.0000
vn -0.8168 -0.5769 0.0000
vn -0.9068 -0.4215 0.0000
vn 0.4229 -0.9062 0.0000
vn 0.4230 -0.9062 0.0000
vn 0.1700 -0.9854 0.0000
vn -0.8488 0.5287 0.0000
vn -0.9999 0.0111 0.0000
vn -0.2372 -0.9715 0.0000
vn -0.9793 0.2024 -0.0000
vn -0.9678 -0.2518 -0.0000
vn -0.7888 0.6147 0.0000
vn 0.9678 -0.2518 -0.0000
vn 0.9793 0.2024 -0.0000
vn 0.7888 0.6147 0.0000
vn 0.8398 -0.5312 -0.1118
vn 0.5928 -0.7925 -0.1430
vn 0.5952 -0.7997 -0.0783
vn 0.9666 -0.2544 -0.0318
vn 0.6009 -0.7993 -0.0000
vn 0.9664 -0.2570 -0.0009
vn 0.0000 -0.9959 -0.0904
vn 0.0000 -0.9841 -0.1776
vn 0.9793 0.2024 0.0000
vn 0.9678 -0.2518 0.0000
vn 0.5688 0.8225 0.0000
vn 0.7887 0.6148 0.0000
vn 0.4389 0.8985 -0.0000
vn 0.9583 -0.2858 0.0000
vn 0.8873 -0.2253 -0.4025
vn 0.8966 -0.2675 -0.3529
vn 0.9169 -0.0131 -0.3989
vn 0.7610 -0.4367 -0.4798
vn 0.1860 -0.7651 -0.6165
vn 0.0000 0.7718 -0.6359
vn 0.6677 0.5377 -0.5148
vn -0.8398 -0.5312 -0.1118
vn -0.9666 -0.2544 -0.0318
vn -0.5952 -0.7997 -0.0783
vn -0.5928 -0.7925 -0.1430
vn -0.9664 -0.2570 -0.0009
vn -0.6009 -0.7993 -0.0000
vn -0.9793 0.2024 0.0000
vn -0.9678 -0.2518 0.0000
vn -0.5688 0.8225 0.0000
vn -0.4389 0.8985 0.0000
vn -0.7887 0.6148 0.0000
vn -0.9583 -0.2858 0.0000
vn -0.8873 -0.2253 -0.4025
vn -0.8966 -0.2675 -0.3529
vn -0.9169 -0.0131 -0.3989
vn -0.7610 -0.4367 -0.4798
vn -0.1860 -0.7651 -0.6165
vn -0.6677 0.5377 -0.5148
vn 0.7572 -0.0000 0.6532
vn 0.8660 0.5000 0.0000
vn 0.6557 0.3786 0.6532
vn 0.3642 0.3642 0.8571
vn 0.3774 -0.6567 0.6529
vn 0.4983 -0.8670 -0.0000
vn 0.8660 -0.5000 -0.0000
vn 0.6557 -0.3786 0.6532
vn 0.8693 0.4942 -0.0000
vn 0.7572 0.0000 -0.6532
vn 0.6573 0.3737 -0.6545
vn 0.5037 0.8639 -0.0000
vn 0.3821 0.6553 -0.6516
vn 0.0000 0.7564 -0.6541
vn 0.5037 -0.8639 -0.0000
vn -0.0000 -0.7564 -0.6541
vn 0.3821 -0.6553 -0.6516
vn 0.8693 -0.4942 -0.0000
vn 0.6573 -0.3737 -0.6545
vn -0.6377 -0.0000 -0.7703
vn -0.5552 -0.3168 -0.7690
vn -0.3196 -0.5494 -0.7720
vn 0.0000 -0.6388 -0.7693
vn 0.0000 0.6388 -0.7693
vn -0.3196 0.5494 -0.7720
vn -0.5552 0.3168 -0.7690
vn -0.6328 0.0000 -0.7743
vn -0.5485 -0.3128 -0.7754
vn -0.3192 -0.5490 -0.7725
vn 0.0000 -0.6318 -0.7751
vn 0.0000 0.6318 -0.7751
vn -0.3192 0.5490 -0.7725
vn -0.5485 0.3128 -0.7754
vn -0.5523 -0.3189 0.7703
vn -0.6377 0.0000 0.7703
vn -0.3173 -0.5524 0.7708
vn -0.0000 -0.6391 0.7691
vn -0.0000 -0.7565 0.6540
vn -0.3173 0.5524 0.7708
vn -0.0000 0.6391 0.7691
vn -0.5523 0.3189 0.7703
vn -0.5401 -0.3120 0.7816
vn -0.6239 0.0000 0.7815
vn -0.3103 -0.5413 0.7815
vn -0.0000 -0.6214 0.7835
vn -0.3103 0.5413 0.7815
vn -0.0000 0.6214 0.7835
vn -0.5401 0.3120 0.7816
vn 0.2550 0.9669 0.0000
vn -0.8660 0.5000 0.0000
vn -0.7572 -0.0000 0.6532
vn -0.6557 0.3786 0.6532
vn -0.3642 0.3642 0.8571
vn -0.8660 -0.5000 -0.0000
vn -0.4983 -0.8670 -0.0000
vn -0.3774 -0.6567 0.6529
vn -0.6557 -0.3786 0.6532
vn -0.8693 0.4942 -0.0000
vn -0.6573 0.3737 -0.6545
vn -0.7572 0.0000 -0.6532
vn -0.5037 0.8639 0.0000
vn -0.3821 0.6553 -0.6516
vn -0.5037 -0.8639 0.0000
vn -0.3821 -0.6553 -0.6516
vn -0.6573 -0.3737 -0.6545
vn 0.5552 -0.3168 -0.7690
vn 0.6377 -0.0000 -0.7703
vn 0.3196 -0.5494 -0.7720
vn 0.3196 0.5494 -0.7720
vn 0.5552 0.3168 -0.7690
vn 0.5485 -0.3128 -0.7754
vn 0.6328 0.0000 -0.7743
vn 0.3192 -0.5490 -0.7725
vn 0.3192 0.5490 -0.7725
vn 0.5485 0.3128 -0.7754
vn 0.6377 0.0000 0.7703
vn 0.5523 -0.3189 0.7703
vn 0.3173 -0.5524 0.7708
vn 0.3173 0.5524 0.7708
vn 0.5523 0.3189 0.7703
vn 0.6239 0.0000 0.7815
vn 0.5401 -0.3120 0.7816
vn 0.3103 -0.5413 0.7815
vn 0.3103 0.5413 0.7815
vn 0.5401 0.3120 0.7816
vn -0.2550 0.9669 0.0000
# 840 vertex normals

vt 0.6501 0.2385 0.0000
vt 0.6501 0.2315 0.0000
vt 0.8656 0.2315 0.0000
vt 0.8656 0.2385 0.0000
vt 0.6346 0.2031 0.0000
vt 0.6501 0.1822 0.0000
vt 0.6501 0.2031 0.0000
vt 0.6463 0.1688 0.0000
vt 0.6501 0.1746 0.0000
vt 0.6222 0.1931 0.0000
vt 0.6183 0.1873 0.0000
vt 0.8655 0.1822 0.0000
vt 0.8655 0.2031 0.0000
vt 0.8656 0.1676 0.0000
vt 0.8656 0.1746 0.0000
vt 0.6501 0.1676 0.0000
vt 0.6501 0.2239 0.0000
vt 0.8655 0.2239 0.0000
vt 0.5768 0.0294 0.0000
vt 0.8405 0.0295 0.0000
vt 0.8405 0.0555 0.0000
vt 0.5768 0.0493 0.0000
vt 0.8403 0.0661 0.0000
vt 0.5764 0.0594 0.0000
vt 0.5296 0.0306 0.0000
vt 0.5296 0.0293 0.0000
vt 0.5289 0.0409 0.0000
vt 0.6651 0.0972 0.0000
vt 0.8149 0.0917 0.0000
vt 0.8152 0.1039 0.0000
vt 0.6652 0.1092 0.0000
vt 0.6415 0.1101 0.0000
vt 0.6369 0.0989 0.0000
vt 0.5978 0.1261 0.0000
vt 0.6653 0.1588 0.0000
vt 0.5768 0.1452 0.0000
vt 0.5848 0.1193 0.0000
vt 0.5532 0.1476 0.0000
vt 0.6170 0.1156 0.0000
vt 0.6088 0.1055 0.0000
vt 0.5988 0.1618 0.0000
vt 0.5995 0.1558 0.0000
vt 0.8489 0.0905 0.0000
vt 0.8426 0.0810 0.0000
vt 0.8691 0.0542 0.0000
vt 0.8765 0.0623 0.0000
vt 0.9008 0.0348 0.0000
vt 0.9051 0.0448 0.0000
vt 0.8332 0.1001 0.0000
vt 0.8631 0.1586 0.0000
vt 0.8152 0.1586 0.0000
vt 0.8287 0.0889 0.0000
vt 0.8855 0.0711 0.0000
vt 0.8693 0.1085 0.0000
vt 0.9448 0.0274 0.0000
vt 0.9816 0.0242 0.0000
vt 0.9775 0.0381 0.0000
vt 0.9472 0.0379 0.0000
vt 0.9097 0.0538 0.0000
vt 0.9511 0.0503 0.0000
vt 0.9705 0.0547 0.0000
vt 0.6313 0.0050 0.0000
vt 0.7322 0.0050 0.0000
vt 0.7322 0.0158 0.0000
vt 0.6313 0.0158 0.0000
vt 0.8137 0.0050 0.0000
vt 0.8137 0.0158 0.0000
vt 0.8733 0.0050 0.0000
vt 0.8733 0.0158 0.0000
vt 0.9565 0.0050 0.0000
vt 0.9565 0.0159 0.0000
vt 0.9963 0.0051 0.0000
vt 0.9963 0.0159 0.0000
vt 0.9083 0.0852 0.0000
vt 0.9147 0.0841 0.0000
vt 0.9169 0.2147 0.0000
vt 0.9084 0.2158 0.0000
vt 0.8856 0.0921 0.0000
vt 0.8878 0.0922 0.0000
vt 0.8872 0.2227 0.0000
vt 0.8834 0.2227 0.0000
vt 0.8933 0.0907 0.0000
vt 0.8931 0.2213 0.0000
vt 0.5352 0.0581 0.0000
vt 0.5352 0.0681 0.0000
vt 0.4344 0.0681 0.0000
vt 0.4344 0.0581 0.0000
vt 0.5415 0.0782 0.0000
vt 0.5577 0.0985 0.0000
vt 0.4569 0.0985 0.0000
vt 0.4407 0.0782 0.0000
vt 0.5640 0.1086 0.0000
vt 0.5640 0.1186 0.0000
vt 0.4632 0.1186 0.0000
vt 0.4632 0.1086 0.0000
vt 0.4480 0.0291 0.0000
vt 0.5080 0.0291 0.0000
vt 0.4948 0.0372 0.0000
vt 0.4611 0.0372 0.0000
vt 0.6222 0.2130 0.0000
vt 0.6463 0.2373 0.0000
vt 0.6183 0.2189 0.0000
vt 0.6287 0.1969 0.0000
vt 0.6287 0.2092 0.0000
vt 0.9613 0.1854 0.0000
vt 0.9433 0.1705 0.0000
vt 0.9584 0.1574 0.0000
vt 0.9713 0.1681 0.0000
vt 0.9310 0.1505 0.0000
vt 0.9496 0.1433 0.0000
vt 0.9266 0.1272 0.0000
vt 0.9466 0.1272 0.0000
vt 0.9310 0.1039 0.0000
vt 0.9496 0.1111 0.0000
vt 0.9433 0.0839 0.0000
vt 0.9584 0.0970 0.0000
vt 0.9613 0.0690 0.0000
vt 0.9713 0.0863 0.0000
vt 0.9791 0.1571 0.0000
vt 0.9791 0.1025 0.0000
vt 0.9949 0.0982 0.0000
vt 0.9949 0.1614 0.0000
vt 0.4674 0.3331 0.0000
vt 0.4959 0.3331 0.0000
vt 0.4959 0.3530 0.0000
vt 0.4674 0.3530 0.0000
vt 0.4444 0.3323 0.0000
vt 0.4563 0.3323 0.0000
vt 0.4563 0.3547 0.0000
vt 0.4444 0.3600 0.0000
vt 0.4959 0.2473 0.0000
vt 0.4959 0.2589 0.0000
vt 0.4674 0.2589 0.0000
vt 0.4674 0.2473 0.0000
vt 0.4959 0.3646 0.0000
vt 0.5713 0.3530 0.0000
vt 0.5713 0.3646 0.0000
vt 0.5179 0.1626 0.0000
vt 0.5179 0.1725 0.0000
vt 0.4482 0.1725 0.0000
vt 0.4438 0.1626 0.0000
vt 0.6526 0.2661 0.0000
vt 0.6526 0.2760 0.0000
vt 0.5709 0.2760 0.0000
vt 0.5709 0.2661 0.0000
vt 0.4674 0.3646 0.0000
vt 0.4444 0.2437 0.0000
vt 0.4563 0.2490 0.0000
vt 0.5829 0.3331 0.0000
vt 0.5945 0.3530 0.0000
vt 0.5829 0.3730 0.0000
vt 0.6743 0.2661 0.0000
vt 0.6743 0.2760 0.0000
vt 0.8762 0.2633 0.0000
vt 0.8861 0.2633 0.0000
vt 0.8803 0.4251 0.0000
vt 0.8705 0.4251 0.0000
vt 0.7720 0.3530 0.0000
vt 0.7569 0.3730 0.0000
vt 0.8408 0.2603 0.0000
vt 0.8408 0.2702 0.0000
vt 0.4195 0.3600 0.0000
vt 0.4195 0.3323 0.0000
vt 0.5713 0.3868 0.0000
vt 0.4959 0.3868 0.0000
vt 0.4674 0.2251 0.0000
vt 0.4959 0.2251 0.0000
vt 0.4438 0.1418 0.0000
vt 0.5179 0.1418 0.0000
vt 0.5709 0.2453 0.0000
vt 0.6526 0.2453 0.0000
vt 0.4674 0.3868 0.0000
vt 0.4195 0.2437 0.0000
vt 0.8861 0.2419 0.0000
vt 0.8762 0.2470 0.0000
vt 0.5741 0.3646 0.0000
vt 0.5741 0.3868 0.0000
vt 0.8803 0.4479 0.0000
vt 0.8705 0.4479 0.0000
vt 0.7720 0.3924 0.0000
vt 0.7870 0.3724 0.0000
vt 0.6743 0.2453 0.0000
vt 0.8408 0.2453 0.0000
vt 0.8556 0.4251 0.0000
vt 0.8556 0.2633 0.0000
vt 0.8556 0.2470 0.0000
vt 0.8556 0.4479 0.0000
vt 0.8762 0.4735 0.0000
vt 0.8653 0.4990 0.0000
vt 0.8171 0.4015 0.0000
vt 0.7920 0.4115 0.0000
vt 0.5876 0.3969 0.0000
vt 0.5960 0.5219 0.0000
vt 0.5783 0.4594 0.0000
vt 0.5717 0.3969 0.0000
vt 0.6117 0.3969 0.0000
vt 0.6117 0.5219 0.0000
vt 0.8556 0.4990 0.0000
vt 0.8126 0.4330 0.0000
vt 0.8477 0.4321 0.0000
vt 0.8480 0.4425 0.0000
vt 0.8128 0.4435 0.0000
vt 0.7587 0.3227 0.0000
vt 0.7587 0.3326 0.0000
vt 0.7365 0.3284 0.0000
vt 0.7365 0.3185 0.0000
vt 0.8411 0.3868 0.0000
vt 0.8298 0.3868 0.0000
vt 0.8250 0.3538 0.0000
vt 0.8363 0.3538 0.0000
vt 0.7870 0.3343 0.0000
vt 0.8065 0.3482 0.0000
vt 0.7060 0.3284 0.0000
vt 0.7060 0.3185 0.0000
vt 0.8250 0.2892 0.0000
vt 0.8363 0.2892 0.0000
vt 0.7870 0.3019 0.0000
vt 0.8065 0.2880 0.0000
vt 0.6055 0.3284 0.0000
vt 0.6055 0.3185 0.0000
vt 0.6486 0.2892 0.0000
vt 0.6486 0.3006 0.0000
vt 0.5128 0.3006 0.0000
vt 0.5128 0.2892 0.0000
vt 0.6799 0.3019 0.0000
vt 0.6799 0.2880 0.0000
vt 0.8346 0.7636 0.0000
vt 0.8631 0.7636 0.0000
vt 0.8631 0.8436 0.0000
vt 0.8346 0.8436 0.0000
vt 0.8346 0.7269 0.0000
vt 0.8631 0.7269 0.0000
vt 0.8631 0.7405 0.0000
vt 0.8346 0.7405 0.0000
vt 0.8917 0.8611 0.0000
vt 0.8781 0.8611 0.0000
vt 0.8781 0.7460 0.0000
vt 0.8917 0.7460 0.0000
vt 0.8060 0.7460 0.0000
vt 0.8197 0.7460 0.0000
vt 0.8197 0.8611 0.0000
vt 0.8060 0.8611 0.0000
vt 0.8631 0.8667 0.0000
vt 0.8346 0.8667 0.0000
vt 0.2685 0.6117 0.0000
vt 0.3582 0.6117 0.0000
vt 0.3583 0.6512 0.0000
vt 0.2686 0.6512 0.0000
vt 0.4046 0.6512 0.0000
vt 0.2693 0.5922 0.0000
vt 0.3590 0.5922 0.0000
vt 0.3590 0.6034 0.0000
vt 0.2693 0.6034 0.0000
vt 0.4504 0.5922 0.0000
vt 0.4504 0.6034 0.0000
vt 0.4831 0.6750 0.0000
vt 0.4771 0.6750 0.0000
vt 0.4771 0.6637 0.0000
vt 0.4831 0.6637 0.0000
vt 0.4053 0.6749 0.0000
vt 0.3583 0.6749 0.0000
vt 0.3583 0.6637 0.0000
vt 0.4054 0.6637 0.0000
vt 0.2686 0.6749 0.0000
vt 0.2686 0.6637 0.0000
vt 0.4617 0.6519 0.0000
vt 0.4617 0.6014 0.0000
vt 0.4729 0.6014 0.0000
vt 0.4729 0.6519 0.0000
vt 0.4610 0.6637 0.0000
vt 0.4610 0.6750 0.0000
vt 0.4475 0.6637 0.0000
vt 0.4475 0.6750 0.0000
vt 0.4350 0.6637 0.0000
vt 0.4349 0.6750 0.0000
vt 0.4214 0.6637 0.0000
vt 0.4214 0.6750 0.0000
vt 0.3590 0.6052 0.0000
vt 0.2693 0.6052 0.0000
vt 0.4393 0.6091 0.0000
vt 0.4511 0.6122 0.0000
vt 0.4510 0.6182 0.0000
vt 0.4385 0.6172 0.0000
vt 0.4386 0.6118 0.0000
vt 0.4490 0.6343 0.0000
vt 0.4369 0.6309 0.0000
vt 0.4434 0.6470 0.0000
vt 0.4330 0.6398 0.0000
vt 0.4343 0.6561 0.0000
vt 0.4272 0.6457 0.0000
vt 0.4216 0.6616 0.0000
vt 0.4183 0.6496 0.0000
vt 0.4747 0.6015 0.0000
vt 0.4786 0.6408 0.0000
vt 0.3111 0.6931 0.0000
vt 0.2762 0.7516 0.0000
vt 0.2625 0.6932 0.0000
vt 0.3517 0.6879 0.0000
vt 0.3597 0.7364 0.0000
vt 0.3361 0.7403 0.0000
vt 0.3316 0.6912 0.0000
vt 0.1959 0.7643 0.0000
vt 0.2249 0.6838 0.0000
vt 0.2441 0.6907 0.0000
vt 0.2184 0.7724 0.0000
vt 0.3101 0.7408 0.0000
vt 0.2412 0.7835 0.0000
vt 0.3636 0.6826 0.0000
vt 0.3873 0.6824 0.0000
vt 0.3865 0.6972 0.0000
vt 0.3637 0.6974 0.0000
vt 0.4028 0.7003 0.0000
vt 0.3947 0.7053 0.0000
vt 0.4029 0.7569 0.0000
vt 0.3948 0.7518 0.0000
vt 0.3875 0.7722 0.0000
vt 0.3866 0.7599 0.0000
vt 0.3637 0.7721 0.0000
vt 0.3638 0.7598 0.0000
vt 0.2758 0.8105 0.0000
vt 0.2758 0.8269 0.0000
vt 0.2284 0.8269 0.0000
vt 0.2284 0.8105 0.0000
vt 0.2758 0.8351 0.0000
vt 0.2284 0.8351 0.0000
vt 0.2758 0.8684 0.0000
vt 0.2284 0.8684 0.0000
vt 0.2758 0.8767 0.0000
vt 0.2284 0.8767 0.0000
vt 0.2758 0.8930 0.0000
vt 0.2284 0.8930 0.0000
vt 0.6553 0.4211 0.0000
vt 0.6895 0.4211 0.0000
vt 0.6895 0.4646 0.0000
vt 0.6553 0.4646 0.0000
vt 0.6553 0.3823 0.0000
vt 0.6895 0.3823 0.0000
vt 0.6895 0.3969 0.0000
vt 0.6553 0.3969 0.0000
vt 0.6895 0.5034 0.0000
vt 0.6553 0.5034 0.0000
vt 0.6553 0.4888 0.0000
vt 0.6895 0.4888 0.0000
vt 0.6236 0.4040 0.0000
vt 0.6381 0.4040 0.0000
vt 0.6381 0.4817 0.0000
vt 0.6236 0.4817 0.0000
vt 0.7212 0.4817 0.0000
vt 0.7067 0.4817 0.0000
vt 0.7102 0.4732 0.0000
vt 0.7212 0.4732 0.0000
vt 0.6981 0.4611 0.0000
vt 0.6981 0.4246 0.0000
vt 0.7067 0.4040 0.0000
vt 0.7102 0.4125 0.0000
vt 0.7212 0.4040 0.0000
vt 0.7212 0.4125 0.0000
vt 0.7394 0.4977 0.0000
vt 0.7394 0.4869 0.0000
vt 0.7732 0.4869 0.0000
vt 0.7732 0.4977 0.0000
vt 0.7394 0.4701 0.0000
vt 0.7732 0.4701 0.0000
vt 0.7394 0.4342 0.0000
vt 0.7732 0.4342 0.0000
vt 0.7394 0.4174 0.0000
vt 0.7732 0.4174 0.0000
vt 0.7394 0.4066 0.0000
vt 0.7732 0.4066 0.0000
vt 0.8941 0.4351 0.0000
vt 0.9331 0.4351 0.0000
vt 0.9331 0.4751 0.0000
vt 0.8941 0.4751 0.0000
vt 0.8941 0.4015 0.0000
vt 0.9331 0.4015 0.0000
vt 0.9331 0.4191 0.0000
vt 0.8941 0.4191 0.0000
vt 0.9919 0.5071 0.0000
vt 0.9715 0.5071 0.0000
vt 0.9715 0.4402 0.0000
vt 0.9919 0.4402 0.0000
vt 0.9331 0.5087 0.0000
vt 0.8941 0.5087 0.0000
vt 0.8941 0.4912 0.0000
vt 0.9331 0.4912 0.0000
vt 0.6962 0.8889 0.0000
vt 0.7273 0.8889 0.0000
vt 0.7273 0.9954 0.0000
vt 0.6962 0.9954 0.0000
vt 0.9589 0.4970 0.0000
vt 0.9589 0.4502 0.0000
vt 0.7494 0.9067 0.0000
vt 0.7494 0.9776 0.0000
vt 0.9429 0.4929 0.0000
vt 0.9429 0.5087 0.0000
vt 0.9430 0.4775 0.0000
vt 0.9430 0.4900 0.0000
vt 0.9431 0.4369 0.0000
vt 0.9431 0.4733 0.0000
vt 0.9430 0.4202 0.0000
vt 0.9430 0.4327 0.0000
vt 0.9429 0.4015 0.0000
vt 0.9429 0.4174 0.0000
vt 0.6876 0.7681 0.0000
vt 0.6715 0.7681 0.0000
vt 0.6715 0.5129 0.0000
vt 0.6876 0.5129 0.0000
vt 0.6554 0.7681 0.0000
vt 0.6554 0.5129 0.0000
vt 0.7198 0.7681 0.0000
vt 0.7037 0.7681 0.0000
vt 0.7037 0.5129 0.0000
vt 0.7198 0.5129 0.0000
vt 0.9685 0.9417 0.0000
vt 0.9355 0.9417 0.0000
vt 0.9355 0.9116 0.0000
vt 0.9685 0.9116 0.0000
vt 0.9954 0.9116 0.0000
vt 0.9954 0.9417 0.0000
vt 0.9828 0.9417 0.0000
vt 0.9828 0.9116 0.0000
vt 0.9950 0.9952 0.0000
vt 0.9492 0.9952 0.0000
vt 0.9950 0.9818 0.0000
vt 0.9494 0.8766 0.0000
vt 0.9494 0.9009 0.0000
vt 0.8391 0.9009 0.0000
vt 0.8391 0.8766 0.0000
vt 0.8321 0.9607 0.0000
vt 0.8321 0.9306 0.0000
vt 0.8377 0.9952 0.0000
vt 0.8377 0.9710 0.0000
vt 0.9492 0.9710 0.0000
vt 0.9846 0.9009 0.0000
vt 0.9955 0.8766 0.0000
vt 0.9955 0.8901 0.0000
vt 0.9842 0.9710 0.0000
vt 0.8350 0.5556 0.0000
vt 0.8040 0.6070 0.0000
vt 0.7889 0.6070 0.0000
vt 0.8296 0.5389 0.0000
vt 0.7358 0.5667 0.0000
vt 0.7467 0.5667 0.0000
vt 0.7473 0.6738 0.0000
vt 0.7361 0.6739 0.0000
vt 0.7475 0.7711 0.0000
vt 0.7363 0.7711 0.0000
vt 0.7793 0.7403 0.0000
vt 0.7681 0.7404 0.0000
vt 0.7677 0.6668 0.0000
vt 0.7789 0.6668 0.0000
vt 0.7668 0.5610 0.0000
vt 0.7784 0.5609 0.0000
vt 0.9213 0.5556 0.0000
vt 0.9170 0.5389 0.0000
vt 0.9386 0.5176 0.0000
vt 0.9387 0.5373 0.0000
vt 0.7358 0.5295 0.0000
vt 0.7492 0.5295 0.0000
vt 0.7640 0.5301 0.0000
vt 0.7782 0.5300 0.0000
vt 0.9546 0.5176 0.0000
vt 0.9546 0.5373 0.0000
vt 0.7357 0.5099 0.0000
vt 0.7492 0.5098 0.0000
vt 0.7639 0.5105 0.0000
vt 0.7781 0.5104 0.0000
vt 0.1802 0.7107 0.0000
vt 0.1619 0.7107 0.0000
vt 0.1619 0.6326 0.0000
vt 0.1801 0.6326 0.0000
vt 0.2767 0.9678 0.0000
vt 0.2767 0.9854 0.0000
vt 0.2290 0.9823 0.0000
vt 0.2290 0.9678 0.0000
vt 0.4306 0.9958 0.0000
vt 0.4305 0.9883 0.0000
vt 0.5335 0.9880 0.0000
vt 0.5335 0.9955 0.0000
vt 0.5315 0.9850 0.0000
vt 0.4304 0.9851 0.0000
vt 0.4304 0.9571 0.0000
vt 0.5315 0.9571 0.0000
vt 0.4230 0.9678 0.0000
vt 0.4230 0.9754 0.0000
vt 0.3993 0.9942 0.0000
vt 0.3993 0.9678 0.0000
vt 0.5316 0.9204 0.0000
vt 0.5335 0.9555 0.0000
vt 0.4304 0.9203 0.0000
vt 0.3434 0.9678 0.0000
vt 0.3434 0.9956 0.0000
vt 0.1802 0.9416 0.0000
vt 0.1628 0.9416 0.0000
vt 0.1619 0.8147 0.0000
vt 0.1802 0.8147 0.0000
vt 0.1802 0.7500 0.0000
vt 0.1619 0.7500 0.0000
vt 0.1619 0.7368 0.0000
vt 0.1802 0.7368 0.0000
vt 0.1802 0.7940 0.0000
vt 0.1619 0.7940 0.0000
vt 0.4043 0.8695 0.0000
vt 0.2933 0.8695 0.0000
vt 0.3961 0.8512 0.0000
vt 0.2934 0.9203 0.0000
vt 0.4069 0.8712 0.0000
vt 0.3684 0.8275 0.0000
vt 0.3861 0.8116 0.0000
vt 0.3959 0.8115 0.0000
vt 0.2076 0.9678 0.0000
vt 0.2076 0.9754 0.0000
vt 0.1915 0.9754 0.0000
vt 0.1915 0.9678 0.0000
vt 0.5443 0.8746 0.0000
vt 0.5285 0.8701 0.0000
vt 0.5429 0.8509 0.0000
vt 0.5540 0.8563 0.0000
vt 0.1802 0.9674 0.0000
vt 0.1724 0.9674 0.0000
vt 0.5828 0.9557 0.0000
vt 0.2787 0.7847 0.0000
vt 0.3836 0.7847 0.0000
vt 0.3836 0.7965 0.0000
vt 0.2787 0.7965 0.0000
vt 0.2141 0.8445 0.0000
vt 0.2039 0.8869 0.0000
vt 0.1959 0.8445 0.0000
vt 0.3370 0.9507 0.0000
vt 0.3210 0.9558 0.0000
vt 0.3220 0.9294 0.0000
vt 0.3378 0.9300 0.0000
vt 0.1959 0.9161 0.0000
vt 0.1965 0.9559 0.0000
vt 0.1965 0.9294 0.0000
vt 0.2856 0.9294 0.0000
vt 0.2856 0.9558 0.0000
vt 0.3368 0.9564 0.0000
vt 0.2932 0.8369 0.0000
vt 0.5337 0.9579 0.0000
vt 0.4066 0.8689 0.0000
vt 0.2278 0.9145 0.0000
vt 0.2244 0.9129 0.0000
vt 0.5469 0.8750 0.0000
vt 0.5339 0.9199 0.0000
vt 0.5268 0.8686 0.0000
vt 0.3985 0.8513 0.0000
vt 0.3980 0.8094 0.0000
vt 0.3667 0.8257 0.0000
vt 0.2931 0.8344 0.0000
vt 0.3852 0.8092 0.0000
vt 0.5570 0.8549 0.0000
vt 0.5426 0.8478 0.0000
vt 0.5888 0.9574 0.0000
vt 0.2111 0.7860 0.0000
vt 0.1907 0.7786 0.0000
vt 0.2366 0.7948 0.0000
vt 0.2205 0.7877 0.0000
vt 0.2819 0.7628 0.0000
vt 0.2482 0.7934 0.0000
vt 0.3338 0.7516 0.0000
vt 0.3156 0.7525 0.0000
vt 0.3615 0.7477 0.0000
vt 0.3401 0.7512 0.0000
vt 0.2607 0.6420 0.0000
vt 0.2448 0.6478 0.0000
vt 0.2335 0.6166 0.0000
vt 0.2494 0.6108 0.0000
vt 0.2323 0.6531 0.0000
vt 0.2220 0.6181 0.0000
vt 0.2061 0.6293 0.0000
vt 0.1833 0.6227 0.0000
vt 0.1696 0.6192 0.0000
vt 0.1706 0.6148 0.0000
vt 0.1836 0.6181 0.0000
vt 0.1542 0.6126 0.0000
vt 0.1559 0.6085 0.0000
vt 0.2292 0.6090 0.0000
vt 0.1746 0.6082 0.0000
vt 0.2292 0.5921 0.0000
vt 0.1746 0.5922 0.0000
vt 0.3109 0.7536 0.0000
vt 0.4480 0.0162 0.0000
vt 0.5080 0.0162 0.0000
vt 0.9676 0.1456 0.0000
vt 0.9676 0.1140 0.0000
vt 0.9634 0.1298 0.0000
vt 0.9940 0.0894 0.0000
vt 0.9825 0.0894 0.0000
vt 0.9825 0.0510 0.0000
vt 0.9940 0.0226 0.0000
vt 0.8544 0.7111 -0.0073
vt 0.8154 0.7111 -0.0073
vt 0.8155 0.6641 -0.0073
vt 0.8620 0.6823 -0.0073
vt 0.8632 0.7111 -0.0257
vt 0.8683 0.6859 -0.0257
vt 0.8411 0.6543 -0.0073
vt 0.8878 0.6593 -0.0257
vt 0.8798 0.6577 -0.0073
vt 0.8790 0.5816 -0.0073
vt 0.9189 0.6023 -0.0073
vt 0.9271 0.6066 -0.0257
vt 0.8793 0.5647 -0.0073
vt 0.9288 0.5776 -0.0073
vt 0.9382 0.5808 -0.0257
vt 0.8712 0.5762 -0.0276
vt 0.8690 0.5628 -0.0276
vt 0.8324 0.6534 -0.0276
vt 0.8683 0.6859 -0.0174
vt 0.8756 0.6891 -0.0271
vt 0.8713 0.7111 -0.0271
vt 0.8632 0.7111 -0.0174
vt 0.8878 0.6593 -0.0174
vt 0.8946 0.6629 -0.0271
vt 0.8155 0.6641 -0.0112
vt 0.8154 0.7111 -0.0112
vt 0.8044 0.7073 -0.0271
vt 0.8044 0.6593 -0.0271
vt 0.9271 0.6066 -0.0174
vt 0.9342 0.6094 -0.0271
vt 0.8324 0.6534 -0.0180
vt 0.8251 0.6467 -0.0271
vt 0.8624 0.5756 -0.0271
vt 0.8712 0.5762 -0.0180
vt 0.9382 0.5808 -0.0174
vt 0.9456 0.5835 -0.0271
vt 0.8690 0.5628 -0.0180
vt 0.8600 0.5630 -0.0271
vt 0.7981 0.9349 -0.1125
vt 0.7981 0.9838 -0.0934
vt 0.8208 0.9838 -0.0934
vt 0.8208 0.9349 -0.1125
vt 0.8070 0.9258 -0.1174
vt 0.8208 0.9230 -0.1188
vt 0.8079 0.9940 -0.0906
vt 0.8208 0.9966 -0.0906
vt 0.0095 0.5430 -0.0141
vt 0.0095 0.5316 -0.0186
vt 0.4456 0.5316 -0.0186
vt 0.4456 0.5430 -0.0141
vt 0.0095 0.5828 -0.0271
vt 0.0095 0.5586 -0.0179
vt 0.4456 0.5586 -0.0179
vt 0.4456 0.5828 -0.0271
vt 0.4661 0.5655 0.4870
vt 0.4661 0.5818 0.4870
vt 0.4590 0.5818 0.4935
vt 0.4590 0.5579 0.4935
vt 0.4519 0.5655 0.5000
vt 0.4519 0.5818 0.5000
vt 0.4524 0.5355 0.4870
vt 0.4760 0.5355 0.4843
vt 0.4760 0.5534 0.4843
vt 0.4524 0.5536 0.4870
vt 0.5616 0.5355 0.4843
vt 0.5698 0.5438 0.4843
vt 0.5199 0.5041 -0.0293
vt 0.4661 0.5246 -0.0293
vt 0.4456 0.5316 -0.0293
vt 0.5054 0.5040 -0.0293
vt 0.0095 0.5316 -0.0293
vt 0.0095 0.5039 -0.0293
vt 0.2592 0.5039 -0.0293
vt 0.2763 0.5039 -0.0293
vt 0.5367 0.5041 -0.0293
vt 0.5367 0.5143 -0.0293
vt 0.2050 0.1775 -0.0048
vt 0.2050 0.1719 -0.0033
vt 0.4069 0.1719 -0.0033
vt 0.4069 0.1775 -0.0048
vt 0.2050 0.1638 -0.0009
vt 0.4069 0.1638 -0.0009
vt 0.2050 0.1563 0.0030
vt 0.4069 0.1563 0.0030
vt 0.4571 0.6825 -0.0271
vt 0.4571 0.6992 -0.0123
vt 0.4115 0.6992 -0.0123
vt 0.4115 0.6825 -0.0271
vt 0.4571 0.7223 -0.0123
vt 0.4733 0.6993 -0.0271
vt 0.4732 0.7271 -0.0271
vt 0.4115 0.8382 -0.0123
vt 0.4375 0.7845 -0.0123
vt 0.4536 0.8179 -0.0123
vt 0.4567 0.7811 -0.0271
vt 0.4681 0.8050 -0.0271
vt 0.4375 0.7525 -0.0123
vt 0.4569 0.7546 -0.0271
vt 0.4832 0.8382 -0.0123
vt 0.4925 0.8212 -0.0271
vt 0.5080 0.6569 -0.0123
vt 0.5080 0.5998 -0.0123
vt 0.5240 0.6569 -0.0123
vt 0.6439 0.5998 -0.0123
vt 0.6242 0.6374 -0.0123
vt 0.5780 0.6185 -0.0123
vt 0.5416 0.6318 -0.0123
vt 0.6439 0.6696 -0.0123
vt 0.4895 0.6567 -0.0271
vt 0.4895 0.5998 -0.0271
vt 0.6262 0.6820 -0.0271
vt 0.6088 0.6539 -0.0271
vt 0.5782 0.6423 -0.0271
vt 0.5522 0.6523 -0.0271
vt 0.5324 0.6779 -0.0271
vt 0.5143 0.6812 -0.0271
vt 0.6414 0.8090 -0.0145
vt 0.5036 0.8090 -0.0145
vt 0.5036 0.7924 -0.0145
vt 0.6414 0.7924 -0.0145
vt 0.6414 0.8364 -0.0271
vt 0.5036 0.8364 -0.0271
vt 0.5036 0.7674 -0.0271
vt 0.6414 0.7674 -0.0271
vt 0.4821 0.7404 -0.0208
vt 0.4821 0.6990 -0.0208
vt 0.5104 0.7117 -0.0208
vt 0.5104 0.7399 -0.0208
vt 0.4908 0.6812 -0.0271
vt 0.5180 0.6923 -0.0271
vt 0.4821 0.7609 -0.0271
vt 0.5116 0.7600 -0.0271
vt 0.5626 0.7310 -0.0208
vt 0.5631 0.7139 -0.0208
vt 0.5604 0.6946 -0.0271
vt 0.5736 0.7484 -0.0271
vt 0.5935 0.6990 -0.0208
vt 0.5851 0.6823 -0.0271
vt 0.6068 0.7119 -0.0271
vt 0.5473 0.5246 -0.0293
vt 0.5551 0.5246 -0.0226
vt 0.5551 0.5143 -0.0226
vt 0.5639 0.5143 -0.0271
vt 0.5639 0.5246 -0.0271
vt 0.5473 0.5246 -0.0186
vt 0.5473 0.5143 -0.0186
vt 0.5404 0.5648 -0.0186
vt 0.5404 0.5871 -0.0271
vt 0.5198 0.5871 -0.0271
vt 0.5198 0.5648 -0.0186
vt 0.5114 0.5871 -0.0271
vt 0.5114 0.5648 -0.0186
vt 0.4893 0.5774 -0.0226
vt 0.4934 0.5648 -0.0186
vt 0.5473 0.5143 -0.0293
vt 0.5735 0.5534 0.4843
vt 0.4893 0.5871 -0.0271
vt 0.0940 0.3071 -0.0271
vt 0.0940 0.3137 -0.0192
vt 0.0136 0.3137 -0.0192
vt 0.0136 0.3071 -0.0271
vt 0.0940 0.3314 -0.0143
vt 0.0136 0.3314 -0.0143
vt 0.0940 0.3531 -0.0143
vt 0.0136 0.3531 -0.0143
vt 0.0940 0.3707 -0.0192
vt 0.0136 0.3707 -0.0192
vt 0.0940 0.3774 -0.0271
vt 0.0136 0.3774 -0.0271
vt 0.0136 0.3071 -0.2580
vt 0.0136 0.3137 -0.2580
vt 0.0041 0.3137 -0.2580
vt 0.0041 0.3071 -0.2580
vt 0.0136 0.3314 -0.2580
vt 0.0041 0.3314 -0.2580
vt 0.0136 0.3531 -0.2580
vt 0.0041 0.3531 -0.2580
vt 0.0136 0.3707 -0.2580
vt 0.0041 0.3707 -0.2580
vt 0.0136 0.3774 -0.2580
vt 0.0041 0.3774 -0.2580
vt 0.3221 0.3070 -0.0271
vt 0.3221 0.3134 -0.0213
vt 0.3731 0.3405 -0.0271
vt 0.3221 0.3301 -0.0178
vt 0.3221 0.3508 -0.0178
vt 0.3221 0.3676 -0.0213
vt 0.3221 0.3740 -0.0271
vt 0.0118 0.4417 0.0000
vt 0.0118 0.4630 0.0000
vt 0.3047 0.4630 0.0000
vt 0.3047 0.4417 0.0000
vt 0.0118 0.4844 0.0000
vt 0.3047 0.4844 0.0000
vt 0.0118 0.3984 0.0000
vt 0.0118 0.4203 0.0000
vt 0.3047 0.4203 0.0000
vt 0.3047 0.3984 0.0000
vt 0.3047 0.4844 0.2059
vt 0.0118 0.4844 0.2059
vt 0.0118 0.4938 0.2006
vt 0.3047 0.4938 0.2006
vt 0.0118 0.3984 -0.0698
vt 0.3047 0.3984 -0.0698
vt 0.3047 0.3898 -0.0752
vt 0.0118 0.3898 -0.0752
vt 0.7921 0.7780 -0.0073
vt 0.7920 0.7930 0.0056
vt 0.7832 0.7930 0.0056
vt 0.7712 0.7780 -0.0073
vt 0.7758 0.8145 0.0208
vt 0.7758 0.8096 0.0391
vt 0.7832 0.8096 0.0391
vt 0.7832 0.8145 0.0208
vt 0.7758 0.7996 0.0391
vt 0.7832 0.7996 0.0391
vt 0.7758 0.7966 0.0224
vt 0.7832 0.7966 0.0224
vt 0.6562 0.7930 0.0056
vt 0.6680 0.7780 -0.0073
vt 0.6562 0.7780 -0.0073
vt 0.8239 0.4802 0.1470
vt 0.8235 0.4576 0.1470
vt 0.8044 0.4812 0.1470
vt 0.8243 0.5028 0.1470
vt 0.8136 0.5045 0.1470
vt 0.6562 0.8147 0.0208
vt 0.6562 0.8096 0.0391
vt 0.6768 0.8096 0.0391
vt 0.6768 0.8147 0.0208
vt 0.6562 0.7996 0.0391
vt 0.6768 0.7996 0.0391
vt 0.6768 0.7966 0.0224
vt 0.6768 0.8268 -0.0052
vt 0.6562 0.8379 -0.0293
vt 0.9952 0.2698 0.9128
vt 0.9872 0.2720 0.9128
vt 0.9814 0.2702 0.9128
vt 0.9925 0.2566 0.9128
vt 0.9952 0.3924 -1.7615
vt 0.9925 0.4062 -1.7615
vt 0.9814 0.3919 -1.7615
vt 0.9872 0.3888 -1.7615
vt 0.9838 0.4131 -1.7615
vt 0.9715 0.4296 -1.7615
vt 0.9550 0.4296 -1.7615
vt 0.9550 0.3919 -1.7615
vt 0.8961 0.3919 -0.6954
vt 0.9005 0.3854 -0.7418
vt 0.9107 0.3854 -0.7418
vt 0.9107 0.3919 -0.6954
vt 0.9005 0.2769 -0.7417
vt 0.9107 0.2769 -0.7417
vt 0.8961 0.2702 -0.6954
vt 0.9107 0.2702 -0.6954
vt 0.9715 0.2342 0.9128
vt 0.9838 0.2500 0.9128
vt 0.9550 0.2702 0.9128
vt 0.9550 0.2342 0.9128
vt 0.9872 0.3888 -0.1971
vt 0.9814 0.3919 -0.2186
vt 0.9814 0.2702 -0.2187
vt 0.9872 0.2720 -0.1971
vt 0.9550 0.3919 0.4328
vt 0.9550 0.2702 0.4328
vt 0.9814 0.2702 0.4327
vt 0.9814 0.3919 0.4327
vt 0.7758 0.8268 -0.0052
vt 0.7832 0.8379 -0.0293
vt 0.7704 0.8317 -0.0157
vt 0.6822 0.8317 -0.0157
vt 0.9550 0.2702 -0.4032
vt 0.9550 0.3919 -0.4032
vt 0.9173 0.3919 -0.4032
vt 0.9173 0.2702 -0.4032
vt 0.9107 0.3854 -0.4032
vt 0.9107 0.2769 -0.4032
vt 0.5577 0.4334 0.7072
vt 0.5577 0.4474 0.7403
vt 0.3310 0.4474 0.7403
vt 0.3310 0.4334 0.7072
vt 0.5577 0.4797 0.8293
vt 0.3310 0.4797 0.8292
vt 0.5453 0.4910 0.8617
vt 0.3432 0.4910 0.8617
vt 0.5437 0.1892 -0.9128
vt 0.5354 0.1875 -0.9128
vt 0.5344 0.2565 -0.9128
vt 0.5437 0.2583 -0.9128
vt 0.5577 0.3977 0.7347
vt 0.5577 0.3993 0.7234
vt 0.3310 0.3993 0.7234
vt 0.3310 0.3977 0.7347
vt 0.5437 0.1892 1.7615
vt 0.5437 0.2583 1.7615
vt 0.5344 0.2565 1.7615
vt 0.5354 0.1875 1.7615
vt 0.5360 0.1373 1.7615
vt 0.5437 0.1365 1.7615
vt 0.4253 0.0045 0.6740
vt 0.4134 0.0045 0.6732
vt 0.4134 0.0142 0.7124
vt 0.4253 0.0142 0.7124
vt 0.4134 0.1743 0.7123
vt 0.4253 0.1743 0.7123
vt 0.4134 0.1841 0.6732
vt 0.4253 0.1841 0.6739
vt 0.5437 0.1366 -0.9128
vt 0.5360 0.1373 -0.9128
vt 0.5577 0.4064 0.7034
vt 0.5577 0.4108 0.6793
vt 0.3310 0.4108 0.6793
vt 0.3310 0.4064 0.7034
vt 0.5577 0.4237 0.6715
vt 0.5577 0.4292 0.6814
vt 0.3310 0.4292 0.6814
vt 0.3310 0.4237 0.6715
vt 0.5577 0.4164 0.6707
vt 0.3310 0.4164 0.6707
vt 0.5133 0.2155 1.7615
vt 0.5235 0.2086 1.7615
vt 0.5253 0.2471 1.7615
vt 0.5148 0.2417 1.7615
vt 0.5100 0.2237 1.7615
vt 0.5105 0.2341 1.7615
vt 0.5235 0.2086 -0.9128
vt 0.5253 0.2471 -0.9128
vt 0.5133 0.2155 -0.9128
vt 0.5148 0.2417 -0.9128
vt 0.5100 0.2237 -0.9128
vt 0.5105 0.2341 -0.9128
vt 0.4069 0.2033 -0.0084
vt 0.4069 0.2304 -0.0150
vt 0.2050 0.2304 -0.0150
vt 0.2050 0.2033 -0.0084
vt 0.4069 0.2460 -0.0186
vt 0.2050 0.2460 -0.0186
vt 0.4069 0.2580 -0.0141
vt 0.2050 0.2580 -0.0141
vt 0.4069 0.2735 -0.0179
vt 0.4069 0.2928 -0.0271
vt 0.2050 0.2928 -0.0271
vt 0.2050 0.2735 -0.0179
vt 0.4069 0.1210 0.0030
vt 0.2050 0.1210 0.0030
vt 0.4069 0.0757 -0.0134
vt 0.4069 0.0966 -0.0048
vt 0.2050 0.0966 -0.0048
vt 0.2050 0.0757 -0.0134
vt 0.4069 0.0527 -0.0178
vt 0.2050 0.0527 -0.0178
vt 0.4069 0.1040 -0.0033
vt 0.2050 0.1040 -0.0033
vt 0.4069 0.1133 -0.0009
vt 0.2050 0.1133 -0.0009
vt 0.4069 0.0429 -0.0178
vt 0.2050 0.0429 -0.0178
vt 0.4069 0.0372 -0.0129
vt 0.2050 0.0372 -0.0129
vt 0.4069 0.0018 -0.0271
vt 0.4069 0.0254 -0.0164
vt 0.2050 0.0254 -0.0164
vt 0.2050 0.0018 -0.0271
vt 0.7920 0.8145 0.0208
vt 0.7919 0.8154 0.0185
vt 0.7919 0.8380 -0.0293
vt 0.9162 0.7569 -0.0073
vt 0.9215 0.7478 -0.0257
vt 0.9324 0.7498 -0.0257
vt 0.9313 0.7605 -0.0073
vt 0.9805 0.7498 -0.0257
vt 0.9805 0.7614 -0.0073
vt 0.9324 0.7498 -0.0174
vt 0.9333 0.7394 -0.0271
vt 0.9805 0.7394 -0.0271
vt 0.9805 0.7498 -0.0174
vt 0.9215 0.7478 -0.0174
vt 0.9246 0.7381 -0.0271
vt 0.9092 0.8145 0.0208
vt 0.9092 0.7930 0.0056
vt 0.9805 0.7930 0.0056
vt 0.9805 0.8145 0.0208
vt 0.9805 0.7780 -0.0073
vt 0.9036 0.7780 -0.0073
vt 0.9160 0.8282 -0.0141
vt 0.9086 0.8274 -0.0122
vt 0.9805 0.8282 -0.0141
vt 0.9160 0.8407 0.4655
vt 0.9160 0.8282 0.4655
vt 0.9805 0.8282 0.4655
vt 0.9805 0.8407 0.4655
vt 0.9089 0.7791 -0.0064
vt 0.9970 0.6116 3.5301
vt 0.9898 0.5812 3.5301
vt 0.9612 0.5755 3.5301
vt 0.9623 0.6323 3.5301
vt 0.9804 0.6323 3.5301
vt 0.9836 0.5599 3.5301
vt 0.9830 0.5358 3.5301
vt 0.9749 0.5212 3.5301
vt 0.9623 0.5178 3.5301
vt 0.9976 0.7930 0.0028
vt 0.9976 0.8145 0.0173
vt 0.9976 0.7780 -0.0095
vt 0.9976 0.7614 -0.0108
vt 0.9976 0.7498 -0.0270
vt 0.9976 0.7394 -0.0271
vt 0.9976 0.7498 -0.0174
vt 0.9976 0.8282 0.4655
vt 0.9976 0.8407 0.4655
vt 0.9976 0.8282 -0.0160
vt 0.0540 0.9265 -0.1017
vt 0.1287 0.9265 -0.1017
vt 0.1287 0.9508 -0.1040
vt 0.0540 0.9508 -0.1040
vt 0.1287 0.9745 -0.1106
vt 0.0540 0.9745 -0.1106
vt 0.0540 0.8776 -0.1106
vt 0.1287 0.8776 -0.1106
vt 0.1287 0.9016 -0.1040
vt 0.0540 0.9016 -0.1040
vt 0.5941 0.9508 -0.1066
vt 0.5941 0.9265 -0.1047
vt 0.6493 0.9265 -0.1047
vt 0.6493 0.9508 -0.1066
vt 0.5941 0.9745 -0.1117
vt 0.6493 0.9745 -0.1117
vt 0.5941 0.9973 -0.1186
vt 0.6493 0.9973 -0.1186
vt 0.5941 0.8776 -0.1117
vt 0.5941 0.8533 -0.1186
vt 0.6493 0.8533 -0.1186
vt 0.6493 0.8776 -0.1117
vt 0.5941 0.9016 -0.1066
vt 0.6493 0.9016 -0.1066
vt 0.6606 0.9265 -0.1063
vt 0.6606 0.9508 -0.1079
vt 0.6606 0.9745 -0.1124
vt 0.6606 0.9973 -0.1186
vt 0.6606 0.8533 -0.1186
vt 0.6606 0.8776 -0.1124
vt 0.6606 0.9016 -0.1079
vt 0.6874 0.9265 -0.1063
vt 0.6874 0.9508 -0.1079
vt 0.6874 0.9745 -0.1124
vt 0.6874 0.9973 -0.1186
vt 0.6874 0.8533 -0.1186
vt 0.6874 0.8776 -0.1124
vt 0.6874 0.9016 -0.1079
vt 0.0422 0.9508 -0.1060
vt 0.0422 0.9265 -0.1039
vt 0.0422 0.9745 -0.1117
vt 0.0422 0.9973 -0.1195
vt 0.0540 0.9973 -0.1195
vt 0.0540 0.8533 -0.1195
vt 0.0422 0.8776 -0.1117
vt 0.0422 0.8533 -0.1195
vt 0.0422 0.9016 -0.1060
vt 0.0054 0.9508 -0.1060
vt 0.0054 0.9265 -0.1039
vt 0.0054 0.9745 -0.1117
vt 0.0054 0.9973 -0.1195
vt 0.0054 0.8776 -0.1117
vt 0.0054 0.8533 -0.1195
vt 0.0054 0.9016 -0.1060
vt 0.9044 0.7074 0.0000
vt 0.8974 0.6828 0.0000
vt 0.9480 0.6828 0.0000
vt 0.9236 0.7261 0.0000
vt 0.9480 0.7324 0.0000
vt 0.9236 0.6397 0.0000
vt 0.9480 0.6334 0.0000
vt 0.9044 0.6584 0.0000
vt 0.9724 0.7261 0.0000
vt 0.9724 0.6397 0.0000
vt 0.1287 0.8533 -0.1195
vt 0.9985 0.6828 0.0000
vt 0.9915 0.7074 0.0000
vt 0.9915 0.6584 0.0000
vt 0.1287 0.9973 -0.1195
# 1071 texture coords

g IG_sr25_sw6
usemtl sr25_sw6
s 32
f 1/1/1 2/2/1 3/3/1 4/4/2 
s 4
f 5/5/3 6/6/3 7/7/3 
s 8
f 8/8/4 9/9/5 10/10/6 11/11/6 
s 4
f 12/12/3 13/13/3 7/7/3 6/6/3 
s 8
f 14/14/7 15/15/8 9/9/5 8/16/4 
s 4
f 7/7/3 16/17/3 5/5/3 
f 17/18/3 16/17/3 7/7/3 13/13/3 
f 18/19/3 19/20/3 20/21/3 21/22/3 
s 32
f 22/23/9 23/24/10 21/22/11 20/21/11 
s off
f 18/19/3 21/22/3 24/25/3 25/26/3 
f 21/22/12 23/24/12 26/27/12 24/25/12 
s 1
f 27/28/13 28/29/14 29/30/15 30/31/16 
f 27/28/13 30/31/16 31/32/17 32/33/18 
s 2
f 33/34/3 34/35/3 35/36/3 
s 1
f 36/37/19 33/34/20 35/36/21 37/38/22 
f 38/39/23 39/40/24 32/33/18 31/32/17 
f 33/34/20 36/37/19 39/40/24 38/39/23 
f 40/41/25 37/38/22 35/36/21 41/42/26 
f 42/43/27 43/44/28 44/45/29 45/46/30 
f 45/46/30 44/45/29 46/47/31 47/48/32 
s 2
f 29/30/3 48/49/3 49/50/3 50/51/3 
s 1
f 48/49/33 29/30/15 28/29/14 51/52/34 
f 42/43/27 48/49/33 51/52/34 43/44/28 
s 2
f 45/46/35 52/53/35 53/54/3 42/43/35 
f 48/49/3 42/43/35 53/54/3 49/50/3 
f 50/51/3 34/35/3 30/31/3 29/30/3 
s 1
f 54/55/36 55/56/37 56/57/38 57/58/39 
f 46/47/31 54/55/36 57/58/39 47/48/32 
s 2
f 52/53/35 45/46/35 47/48/35 58/59/35 
f 58/59/35 47/48/35 57/58/35 59/60/35 
f 59/60/35 57/58/35 56/57/40 60/61/40 
s 1
f 49/62/41 53/63/42 61/64/43 62/65/41 
f 53/63/42 52/66/44 63/67/44 61/64/43 
f 52/66/44 58/68/45 64/69/45 63/67/44 
f 58/68/45 59/70/46 65/71/46 64/69/45 
f 59/70/46 60/72/47 66/73/47 65/71/46 
s off
f 67/74/48 68/75/48 69/76/48 70/77/48 
f 71/78/49 72/79/49 73/80/49 74/81/49 
f 75/82/50 67/74/50 70/77/50 76/83/50 
f 72/79/51 75/82/51 76/83/51 73/80/51 
f 77/84/7 78/85/7 79/86/7 80/87/7 
f 81/88/3 82/89/3 83/90/3 84/91/3 
f 85/92/1 86/93/1 87/94/1 88/95/1 
f 88/96/52 79/97/52 84/98/52 83/99/52 
f 78/85/53 81/88/53 84/91/53 79/86/53 
f 82/89/54 85/92/54 88/95/54 83/90/54 
s 1
f 10/100/52 2/2/52 1/101/52 11/102/52 
s off
f 17/18/55 3/3/55 2/2/55 16/17/55 
f 5/103/56 10/10/56 9/9/56 6/6/56 
f 16/17/57 2/2/57 10/100/57 5/104/57 
f 6/6/58 9/9/58 15/15/58 12/12/58 
s 8
f 89/105/59 90/106/60 91/107/60 92/108/59 
f 90/106/60 93/109/61 94/110/61 91/107/60 
f 93/109/61 95/111/62 96/112/62 94/110/61 
f 95/111/62 97/113/63 98/114/63 96/112/62 
f 97/113/63 99/115/64 100/116/64 98/114/63 
f 99/115/64 101/117/65 102/118/65 100/116/64 
s 1
f 91/119/40 100/120/40 102/121/40 92/122/40 
s off
f 103/123/3 104/124/3 105/125/3 106/126/3 
f 107/127/66 103/128/66 106/129/66 108/130/66 
f 109/131/67 110/132/67 111/133/67 112/134/67 
f 113/135/68 105/125/68 114/136/68 115/137/68 
f 116/138/69 104/139/69 110/140/69 109/141/69 
f 117/142/70 118/143/70 104/144/70 116/145/70 
f 108/146/71 106/126/71 105/125/71 113/135/71 
f 112/147/66 111/148/66 103/128/66 107/127/66 
f 111/133/40 110/132/40 104/124/40 103/123/40 
f 118/149/72 114/136/72 105/125/72 104/124/72 
f 114/136/35 118/149/35 119/150/35 120/151/35 
f 118/143/73 117/142/73 121/152/73 119/153/73 
f 122/154/1 120/155/1 123/156/1 124/157/1 
f 120/151/74 119/150/74 125/158/74 123/159/74 
f 119/153/75 121/152/75 126/160/75 125/161/75 
f 107/127/66 108/130/66 127/162/66 128/163/66 
f 113/135/2 115/137/2 129/164/2 130/165/2 
f 109/131/75 112/134/75 131/166/75 132/167/75 
f 116/138/69 109/141/69 132/168/69 133/169/69 
f 117/142/70 116/145/70 133/170/70 134/171/70 
f 108/146/76 113/135/76 130/165/76 127/172/76 
f 112/147/66 107/127/66 128/163/66 131/173/66 
f 114/174/77 120/155/77 135/175/77 
f 115/137/68 114/136/68 135/176/68 
f 129/164/78 115/137/78 135/176/78 136/177/78 
f 120/155/79 122/154/79 135/175/79 
f 124/157/80 123/156/80 137/178/80 138/179/80 
f 137/180/40 123/159/40 125/158/40 139/181/40 
f 121/152/73 117/142/73 134/171/73 140/182/73 
f 126/160/70 121/152/70 140/182/70 141/183/70 
f 122/154/78 124/157/78 142/184/78 143/185/78 
f 135/175/81 122/154/81 143/185/81 136/186/81 
f 124/157/80 138/179/80 144/187/80 142/184/80 
f 138/179/82 137/178/82 145/188/82 146/189/82 
f 139/181/83 147/190/83 145/191/83 137/180/83 
f 148/192/84 149/193/84 147/194/84 139/195/84 
f 150/196/84 151/197/84 149/193/84 148/192/84 
f 138/179/85 146/189/85 152/198/85 144/187/85 
s 1
f 146/199/1 149/200/1 151/201/1 152/202/1 
s off
f 125/203/86 126/204/86 153/205/86 154/206/86 
f 148/207/87 139/208/87 155/209/87 156/210/87 
f 139/181/88 125/158/88 154/211/88 155/212/88 
f 154/206/66 153/205/66 157/213/66 158/214/66 
f 156/210/69 155/209/69 159/215/69 160/216/69 
f 155/212/72 154/211/72 158/217/72 159/218/72 
f 158/214/76 157/213/76 161/219/76 162/220/76 
f 160/221/7 159/222/7 163/223/7 164/224/7 
f 159/218/35 158/217/35 162/225/35 163/226/35 
s 4
f 165/227/72 166/228/72 167/229/72 168/230/72 
s 8
f 169/231/8 170/232/8 171/233/8 172/234/8 
s 16
f 173/235/69 174/236/69 171/237/69 170/238/69 
s 64
f 169/239/66 172/240/66 175/241/66 176/242/66 
s off
f 165/227/89 172/234/89 171/233/89 166/228/89 
f 167/229/90 174/243/90 175/244/90 168/230/90 
s 2
f 177/245/91 178/246/92 179/247/91 180/248/91 
f 178/246/92 181/249/93 179/247/91 
s 8
f 182/250/8 183/251/8 184/252/8 185/253/8 
f 183/251/8 186/254/8 187/255/8 184/252/8 
s 2
f 186/256/69 188/257/94 189/258/94 187/259/69 
f 190/260/1 191/261/1 192/262/1 193/263/1 
f 191/261/1 194/264/1 195/265/1 192/262/1 
s 64
f 194/266/66 182/267/66 185/268/66 195/269/66 
s 2
f 196/270/95 189/258/94 188/257/94 197/271/95 
f 198/272/96 196/270/95 197/271/95 199/273/97 
f 200/274/98 198/272/96 199/273/97 201/275/98 
f 202/276/99 200/274/98 201/275/98 203/277/100 
s off
f 193/263/101 202/276/101 203/277/101 190/260/101 
f 185/253/102 184/252/102 178/278/102 177/279/102 
f 184/252/103 187/255/103 204/280/103 178/278/103 
s 1
f 187/281/104 189/282/105 205/283/105 204/284/104 
f 189/282/105 196/285/106 206/286/106 205/283/105 
f 196/285/106 198/287/107 207/288/107 206/286/106 
f 198/287/107 200/289/108 208/290/108 207/288/107 
f 200/289/108 202/291/109 209/292/109 208/290/108 
f 202/291/109 193/263/110 181/249/110 209/292/109 
f 193/263/110 192/262/111 179/247/111 181/249/110 
f 192/262/111 195/265/111 180/248/111 179/247/111 
s off
f 177/293/112 180/294/112 195/269/112 185/268/112 
s 4
f 210/295/113 211/296/114 212/297/115 
s 8
f 213/298/116 214/299/116 215/300/116 216/301/116 
s 32
f 217/302/117 218/303/117 219/304/117 220/305/117 
s off
f 210/295/118 216/301/118 215/300/118 221/306/118 
f 222/307/119 220/305/119 219/304/119 212/297/119 
f 213/308/66 216/309/66 223/310/66 224/311/66 
f 216/309/66 210/312/66 225/313/66 223/310/66 
f 210/312/66 212/314/66 226/315/66 225/313/66 
f 212/314/66 219/316/66 227/317/66 226/315/66 
f 219/316/66 218/318/66 228/319/66 227/317/66 
f 224/320/8 223/321/8 229/322/8 230/323/8 
f 223/321/58 225/324/58 231/325/58 229/322/58 
f 225/324/3 226/326/3 232/327/3 231/325/3 
f 226/326/55 227/328/55 233/329/55 232/327/55 
f 227/328/1 228/330/1 234/331/1 233/329/1 
s 4
f 235/332/3 236/333/3 237/334/72 238/335/40 
s 8
f 239/336/8 240/337/8 241/338/8 242/339/8 
s 32
f 243/340/1 244/341/1 245/342/1 246/343/1 
s 64
f 239/344/66 242/345/66 245/346/66 244/347/66 
s off
f 235/332/58 242/339/58 241/338/58 236/333/58 
f 237/334/120 246/343/120 245/342/120 238/335/120 
f 243/348/69 246/349/69 247/350/69 248/351/69 
f 246/349/69 237/334/69 249/352/69 247/350/69 
f 237/334/69 236/333/69 250/353/69 249/352/69 
f 236/333/69 241/354/69 251/355/69 250/353/69 
f 241/354/69 240/356/69 252/357/69 251/355/69 
f 248/358/1 247/359/1 253/360/1 254/361/1 
f 247/359/55 249/362/55 255/363/55 253/360/55 
f 249/362/3 250/364/3 256/365/3 255/363/3 
f 250/364/58 251/366/58 257/367/58 256/365/58 
f 251/366/8 252/368/8 258/369/8 257/367/8 
s 1
f 259/370/121 260/371/121 261/372/122 262/373/122 
f 263/374/70 264/375/70 265/376/123 266/377/123 
f 267/378/69 268/379/69 269/380/69 270/381/69 
f 271/382/1 272/383/1 273/384/124 274/385/125 
s 2
f 263/386/66 266/387/66 273/388/66 272/389/66 
s 1
f 259/370/121 266/377/123 265/376/123 260/371/121 
f 261/372/122 274/385/125 273/384/124 262/373/122 
f 275/390/69 276/391/69 269/380/69 268/379/69 
s 2
f 259/392/66 262/393/66 273/388/66 266/387/66 
f 271/382/126 274/385/127 268/394/128 267/395/126 
f 274/385/127 261/372/129 275/396/130 268/397/128 
f 261/372/129 260/371/131 276/398/132 275/399/130 
f 260/371/131 265/376/133 269/400/134 276/401/132 
f 265/376/133 264/375/135 270/402/136 269/403/134 
s 1
f 277/404/40 278/405/58 279/406/137 280/407/40 
f 278/405/58 281/408/8 282/409/8 279/406/137 
f 283/410/78 284/411/120 285/412/120 286/413/78 
f 284/411/120 277/404/40 280/407/40 285/412/120 
f 287/414/138 288/415/35 289/416/35 290/417/138 
f 291/418/8 292/419/8 293/420/139 294/421/139 
s 2
f 292/422/69 295/423/140 293/424/69 
f 296/425/141 289/426/141 297/427/142 298/428/142 
s 1
f 299/429/3 297/430/72 289/416/35 288/415/35 
s 2
f 300/431/143 299/432/143 288/433/144 295/423/140 
f 296/425/141 290/434/66 289/426/141 
s 1
f 290/417/138 294/421/139 293/420/139 287/414/138 
s 2
f 296/425/141 291/435/66 294/436/66 
f 296/425/141 294/436/66 290/434/66 
f 295/423/140 287/437/69 293/424/69 
f 295/423/140 288/433/144 287/437/69 
s 1
f 301/438/145 302/439/3 303/440/72 304/441/146 
s 2
f 305/442/147 306/443/148 304/444/149 307/445/150 
f 307/445/150 304/444/149 303/446/151 308/447/152 
f 309/448/153 302/449/154 301/450/155 310/451/156 
f 301/450/155 311/452/157 312/453/158 310/451/156 
s 1
f 311/454/159 306/455/160 313/456/161 314/457/162 
s 2
f 306/443/148 305/442/147 315/458/147 313/459/163 
f 312/453/158 311/452/157 314/460/164 316/461/165 
s 1
f 314/457/162 313/456/161 317/462/166 318/463/167 
s 2
f 313/459/163 315/458/147 319/464/8 317/465/8 
f 316/461/165 314/460/164 318/466/1 320/467/1 
s 1
f 304/441/146 306/455/160 311/454/159 301/438/145 
s 8
f 321/468/168 322/469/168 323/470/168 324/471/168 
s 16
f 325/472/169 326/473/170 327/474/171 328/475/171 
s 32
f 329/476/1 330/477/172 331/478/1 332/479/1 
s 2
f 333/480/173 334/481/173 335/482/173 336/483/173 
s 16
f 332/484/69 331/485/69 337/486/69 338/487/69 
s 1
f 339/488/174 340/489/175 341/490/176 
s 16
f 342/491/177 343/492/177 326/473/170 325/472/169 
s 8
f 344/493/8 345/494/8 346/495/8 347/496/8 
f 348/497/8 349/498/8 350/499/8 351/500/8 
s off
f 322/469/178 321/468/178 351/500/178 350/499/178 
f 352/501/69 353/502/69 349/498/69 348/497/69 
f 354/503/35 355/504/35 356/505/35 
f 352/501/179 347/496/179 346/495/179 353/502/179 
s 4
f 357/506/3 358/507/180 341/490/3 
s off
f 359/508/72 360/509/72 361/510/72 356/505/72 
s 8
f 362/511/181 363/512/181 364/513/181 365/514/181 
s off
f 328/475/182 327/474/182 363/512/182 362/511/182 
f 366/515/183 367/516/183 368/517/183 369/518/183 
f 345/494/184 344/493/184 365/519/184 364/520/184 
f 338/487/76 337/486/76 343/492/76 342/491/76 
s 1
f 340/489/175 339/488/174 370/521/185 
s off
f 357/522/75 341/523/75 371/524/75 372/525/75 
f 341/526/69 335/527/69 371/528/69 
s 32
f 330/529/172 373/530/186 374/531/187 375/532/188 
s off
f 335/527/69 375/533/69 371/528/69 
f 376/534/189 377/535/189 378/536/189 379/537/189 
f 378/536/66 374/531/66 373/530/66 379/537/66 
s 32
f 330/529/172 329/538/1 373/530/186 
s off
f 355/504/3 380/539/3 359/508/3 356/505/3 
s 4
f 358/507/180 367/516/190 339/488/191 341/490/3 
s off
f 336/483/192 340/489/192 337/540/192 
f 354/503/193 346/541/193 358/507/193 
f 330/542/69 375/533/69 334/543/69 
f 366/515/194 327/544/194 326/545/194 339/488/194 
f 333/480/195 331/478/195 330/477/195 334/481/195 
f 336/483/196 337/540/196 331/478/196 333/480/196 
f 358/507/197 346/541/197 345/546/197 367/516/197 
f 353/547/198 356/505/198 361/510/198 349/548/198 
f 322/549/199 359/508/199 380/539/199 323/550/199 
f 349/548/137 361/510/137 360/509/137 350/551/137 
f 359/508/200 322/549/200 350/551/200 360/509/200 
f 356/505/201 353/547/201 346/541/201 354/503/201 
f 363/552/202 369/518/202 368/517/202 364/553/202 
f 327/544/203 366/515/203 369/518/203 363/552/203 
f 367/516/204 345/546/204 364/553/204 368/517/204 
f 343/554/205 370/521/205 339/488/205 326/545/205 
f 337/540/206 340/489/206 370/521/206 343/554/206 
f 375/533/69 335/527/69 334/543/69 
f 147/190/207 149/200/207 146/199/207 145/191/207 
f 217/302/208 220/305/208 381/555/208 382/556/208 
f 220/305/209 222/307/209 383/557/209 381/558/209 
f 222/307/210 211/296/210 384/559/210 383/560/210 
f 221/306/211 215/300/211 385/561/211 386/562/211 
f 215/300/212 214/299/212 387/563/212 385/564/212 
f 382/565/213 381/566/213 388/567/213 389/568/213 
f 381/566/214 383/569/214 390/570/214 388/567/214 
f 383/569/215 384/571/215 390/570/215 
f 386/572/216 385/573/216 391/574/216 392/575/216 
f 385/573/217 387/576/217 393/577/217 391/574/217 
f 388/578/69 390/570/69 392/575/69 391/579/69 
f 389/580/69 388/578/69 391/579/69 393/581/69 
f 211/296/218 221/306/218 386/582/218 384/559/218 
s 4
f 210/295/113 221/306/219 211/296/114 
f 211/296/114 222/307/220 212/297/115 
s 2
f 38/39/3 31/32/3 34/35/3 
f 31/32/3 30/31/3 34/35/3 
f 33/34/3 38/39/3 34/35/3 
f 34/35/3 41/42/3 35/36/3 
f 178/246/92 204/284/221 205/283/222 
f 178/246/92 205/283/222 206/286/223 
f 178/246/92 206/286/223 207/288/224 
f 178/246/92 207/288/224 208/290/225 
f 178/246/92 208/290/225 209/292/226 
f 178/246/92 209/292/226 181/249/93 
s off
f 87/583/52 80/584/52 79/97/52 88/96/52 
s 1
f 94/585/40 98/586/35 100/120/40 91/119/40 
f 94/585/40 96/587/35 98/586/35 
s 64
f 235/332/66 238/335/66 245/346/66 242/345/66 
f 165/227/66 168/230/66 175/241/66 172/240/66 
s 16
f 167/229/69 166/228/69 171/237/69 174/236/69 
s off
f 384/571/227 386/572/227 392/575/227 
f 384/571/228 392/575/228 390/570/228 
s 4
f 357/506/3 354/503/3 358/507/180 
f 357/506/3 355/504/3 354/503/3 
f 367/516/190 366/515/229 339/488/191 
s 1
f 336/483/176 335/482/176 341/490/176 
f 340/489/175 336/483/176 341/490/176 
s off
f 66/588/230 60/589/230 56/590/230 55/591/230 
s 32
f 1/1/1 4/4/2 394/3/2 395/2/1 
s 4
f 396/5/231 397/7/231 398/6/231 
s 8
f 8/8/4 11/11/6 399/10/232 400/9/4 
s 4
f 401/12/231 398/6/231 397/7/231 402/13/231 
s 8
f 14/14/7 8/16/4 400/9/4 403/15/7 
s 4
f 397/7/231 396/5/231 404/17/233 
f 405/18/233 402/13/231 397/7/231 404/17/233 
f 406/19/231 407/22/231 408/21/231 409/20/231 
s 32
f 22/23/9 408/21/234 407/22/234 23/24/10 
s off
f 406/19/231 410/26/231 411/25/231 407/22/231 
f 407/22/235 411/25/235 26/27/235 23/24/235 
s 1
f 27/28/13 412/31/236 413/30/237 28/29/14 
f 27/28/13 32/33/18 414/32/238 412/31/236 
s 2
f 415/34/231 416/36/231 417/35/231 
s 1
f 36/37/19 37/38/22 416/36/239 415/34/240 
f 418/39/241 414/32/238 32/33/18 39/40/24 
f 415/34/240 418/39/241 39/40/24 36/37/19 
f 40/41/25 419/42/242 416/36/239 37/38/22 
f 420/43/243 421/46/244 44/45/29 43/44/28 
f 421/46/244 422/48/245 46/47/31 44/45/29 
s 2
f 413/30/231 423/51/231 424/50/231 425/49/231 
s 1
f 425/49/246 51/52/34 28/29/14 413/30/237 
f 420/43/243 43/44/28 51/52/34 425/49/246 
s 2
f 421/46/233 420/43/233 426/54/231 427/53/233 
f 425/49/231 424/50/231 426/54/231 420/43/233 
f 423/51/231 413/30/231 412/31/231 417/35/231 
s 1
f 54/55/36 428/58/247 429/57/248 55/56/37 
f 46/47/31 422/48/245 428/58/247 54/55/36 
s 2
f 427/53/233 430/59/249 422/48/249 421/46/233 
f 430/59/249 431/60/233 428/58/233 422/48/249 
f 431/60/233 432/61/250 429/57/250 428/58/233 
s 1
f 424/62/251 62/65/41 61/64/43 426/63/42 
f 426/63/42 61/64/43 63/67/44 427/66/44 
f 427/66/44 63/67/44 64/69/45 430/68/45 
f 430/68/45 64/69/45 65/71/46 431/70/46 
f 431/70/46 65/71/46 66/73/47 432/72/47 
s off
f 433/74/252 434/77/252 69/76/252 68/75/252 
f 71/78/49 74/81/49 435/80/49 436/79/49 
f 437/82/253 438/83/253 434/77/253 433/74/253 
f 436/79/254 435/80/254 438/83/254 437/82/254 
f 77/84/8 80/87/8 439/86/8 440/85/8 
f 441/88/231 442/91/231 443/90/231 444/89/231 
f 445/92/1 446/95/1 87/94/1 86/93/1 
f 446/96/255 443/99/255 442/98/255 439/97/255 
f 440/85/256 439/86/256 442/91/256 441/88/256 
f 444/89/257 443/90/257 446/95/257 445/92/257 
s 1
f 399/100/255 11/102/52 1/101/52 395/2/52 
s off
f 405/18/258 404/17/258 395/2/258 394/3/258 
f 396/103/259 398/6/259 400/9/259 399/10/259 
f 404/17/260 396/104/260 399/100/260 395/2/260 
f 398/6/261 401/12/261 403/15/261 400/9/261 
s 8
f 447/105/262 448/108/262 449/107/263 450/106/263 
f 450/106/263 449/107/263 451/110/264 452/109/264 
f 452/109/264 451/110/264 453/112/265 454/111/265 
f 454/111/265 453/112/265 455/114/266 456/113/266 
f 456/113/266 455/114/266 457/116/267 458/115/267 
f 458/115/267 457/116/267 459/118/268 460/117/268 
s 1
f 449/119/250 448/122/250 459/121/250 457/120/233 
s off
f 461/123/249 462/126/249 463/125/249 464/124/249 
f 465/127/66 466/130/66 462/129/66 461/128/66 
f 467/131/269 468/134/269 469/133/269 470/132/269 
f 471/135/270 472/137/270 473/136/270 463/125/270 
f 474/138/69 467/141/69 470/140/69 464/139/69 
f 475/142/75 474/145/75 464/144/75 476/143/75 
f 466/146/271 471/135/271 463/125/271 462/126/271 
f 468/147/66 465/127/66 461/128/66 469/148/66 
f 469/133/250 461/123/250 464/124/250 470/132/250 
f 476/149/249 464/124/249 463/125/249 473/136/249 
f 473/136/250 477/151/250 478/150/250 476/149/250 
f 476/143/73 478/153/73 479/152/73 475/142/73 
f 480/154/1 481/157/1 482/156/1 477/155/1 
f 477/151/272 482/159/272 483/158/272 478/150/272 
f 478/153/70 483/161/70 484/160/70 479/152/70 
f 465/127/66 128/163/66 127/162/66 466/130/66 
f 471/135/1 130/165/1 129/164/1 472/137/1 
f 467/131/70 132/167/70 131/166/70 468/134/70 
f 474/138/69 133/169/69 132/168/69 467/141/69 
f 475/142/70 134/171/70 133/170/70 474/145/70 
f 466/146/78 127/172/78 130/165/78 471/135/78 
f 468/147/66 131/173/66 128/163/66 465/127/66 
f 473/174/79 485/175/79 477/155/79 
f 472/137/270 485/176/270 473/136/270 
f 129/164/76 136/177/76 485/176/76 472/137/76 
f 477/155/79 485/175/79 480/154/79 
f 481/157/80 486/179/80 487/178/80 482/156/80 
f 487/180/250 488/181/250 483/158/250 482/159/250 
f 479/152/73 140/182/73 134/171/73 475/142/73 
f 484/160/75 141/183/75 140/182/75 479/152/75 
f 480/154/76 143/185/76 142/184/76 481/157/76 
f 485/175/273 136/186/273 143/185/273 480/154/273 
f 481/157/80 142/184/80 144/187/80 486/179/80 
f 486/179/85 489/189/85 490/188/85 487/178/85 
f 488/181/274 487/180/274 490/191/274 491/190/274 
f 492/192/275 488/195/275 491/194/275 493/193/275 
f 150/196/84 492/192/84 493/193/84 151/197/84 
f 486/179/85 144/187/85 152/198/85 489/189/85 
s 1
f 489/199/1 152/202/1 151/201/1 493/200/1 
s off
f 483/203/276 494/206/276 495/205/276 484/204/276 
f 492/207/87 496/210/87 497/209/87 488/208/87 
f 488/181/277 497/212/277 494/211/277 483/158/277 
f 494/206/66 498/214/66 499/213/66 495/205/66 
f 496/210/69 500/216/69 501/215/69 497/209/69 
f 497/212/250 501/218/250 498/217/250 494/211/250 
f 498/214/76 502/220/76 503/219/76 499/213/76 
f 500/221/8 504/224/8 505/223/8 501/222/8 
f 501/218/233 505/226/233 502/225/233 498/217/233 
s 4
f 506/227/231 507/230/231 508/229/231 509/228/231 
s 8
f 169/231/8 510/234/8 511/233/8 170/232/8 
s 16
f 173/235/69 170/238/69 511/237/69 512/236/69 
s 64
f 169/239/66 176/242/66 513/241/66 510/240/66 
s off
f 506/227/278 509/228/278 511/233/278 510/234/278 
f 508/229/279 507/230/279 513/244/279 512/243/279 
s 2
f 514/245/280 515/248/280 516/247/280 517/246/281 
f 517/246/281 516/247/280 518/249/282 
s 8
f 182/250/8 519/253/8 520/252/8 183/251/8 
f 183/251/8 520/252/8 521/255/8 186/254/8 
s 2
f 186/256/69 521/259/69 522/258/94 188/257/94 
f 190/260/1 523/263/1 524/262/1 191/261/1 
f 191/261/1 524/262/1 525/265/1 194/264/1 
s 64
f 194/266/66 525/269/66 519/268/66 182/267/66 
s 2
f 526/270/95 197/271/95 188/257/94 522/258/94 
f 527/272/97 199/273/97 197/271/95 526/270/95 
f 528/274/283 201/275/98 199/273/97 527/272/97 
f 529/276/100 203/277/100 201/275/98 528/274/283 
s off
f 523/263/101 190/260/101 203/277/101 529/276/101 
f 519/253/284 514/279/284 517/278/284 520/252/284 
f 520/252/285 517/278/285 530/280/285 521/255/285 
s 1
f 521/281/286 530/284/286 531/283/287 522/282/287 
f 522/282/287 531/283/287 532/286/288 526/285/288 
f 526/285/288 532/286/288 533/288/289 527/287/289 
f 527/287/289 533/288/289 534/290/290 528/289/290 
f 528/289/290 534/290/290 535/292/291 529/291/291 
f 529/291/291 535/292/291 518/249/292 523/263/292 
f 523/263/292 518/249/292 516/247/293 524/262/293 
f 524/262/293 516/247/293 515/248/293 525/265/293 
s off
f 514/293/294 519/268/294 525/269/294 515/294/294 
s 4
f 536/295/295 537/297/296 538/296/297 
s 8
f 213/298/116 539/301/116 540/300/116 214/299/116 
s 32
f 217/302/117 541/305/298 542/304/298 218/303/117 
s off
f 536/295/299 543/306/299 540/300/299 539/301/299 
f 544/307/300 537/297/300 542/304/300 541/305/300 
f 213/308/66 224/311/66 545/310/66 539/309/66 
f 539/309/66 545/310/66 546/313/66 536/312/66 
f 536/312/66 546/313/66 547/315/66 537/314/66 
f 537/314/66 547/315/66 548/317/66 542/316/66 
f 542/316/66 548/317/66 228/319/66 218/318/66 
f 224/320/8 230/323/8 549/322/8 545/321/8 
f 545/321/261 549/322/261 550/325/261 546/324/261 
f 546/324/231 550/325/231 551/327/231 547/326/231 
f 547/326/258 551/327/258 552/329/258 548/328/258 
f 548/328/2 552/329/2 234/331/2 228/330/2 
s 4
f 553/332/249 554/335/250 555/334/249 556/333/231 
s 8
f 239/336/8 557/339/8 558/338/8 240/337/8 
s 32
f 243/340/1 559/343/1 560/342/1 244/341/1 
s 64
f 239/344/66 244/347/66 560/346/66 557/345/66 
s off
f 553/332/261 556/333/261 558/338/261 557/339/261 
f 555/334/301 554/335/301 560/342/301 559/343/301 
f 243/348/69 248/351/69 561/350/69 559/349/69 
f 559/349/69 561/350/69 562/352/69 555/334/69 
f 555/334/69 562/352/69 563/353/69 556/333/69 
f 556/333/69 563/353/69 564/355/69 558/354/69 
f 558/354/69 564/355/69 252/357/69 240/356/69 
f 248/358/1 254/361/1 565/360/1 561/359/1 
f 561/359/258 565/360/258 566/363/258 562/362/258 
f 562/362/231 566/363/231 567/365/231 563/364/231 
f 563/364/261 567/365/261 568/367/261 564/366/261 
f 564/366/8 568/367/8 258/369/8 252/368/8 
s 1
f 569/370/302 570/373/303 571/372/303 572/371/302 
f 263/374/70 573/377/304 574/376/304 264/375/70 
f 267/378/69 270/381/69 575/380/69 576/379/69 
f 271/382/1 577/385/305 578/384/305 272/383/1 
s 2
f 263/386/66 272/389/66 578/388/66 573/387/66 
s 1
f 569/370/302 572/371/302 574/376/304 573/377/304 
f 571/372/303 570/373/303 578/384/305 577/385/305 
f 579/390/69 576/379/69 575/380/69 580/391/69 
s 2
f 569/392/66 573/387/66 578/388/66 570/393/66 
f 271/382/126 267/395/126 576/394/306 577/385/307 
f 577/385/307 576/397/306 579/396/308 571/372/309 
f 571/372/309 579/399/308 580/398/310 572/371/311 
f 572/371/311 580/401/310 575/400/312 574/376/313 
f 574/376/313 575/403/312 270/402/136 264/375/135 
s 1
f 581/404/250 582/407/250 583/406/314 584/405/261 
f 584/405/261 583/406/314 282/409/8 281/408/8 
f 283/410/78 286/413/78 585/412/301 586/411/301 
f 586/411/301 585/412/301 582/407/250 581/404/250 
f 587/414/315 588/417/315 589/416/233 590/415/233 
f 291/418/8 591/421/316 592/420/316 292/419/8 
s 2
f 292/422/69 592/424/69 295/423/140 
f 296/425/141 298/428/142 593/427/317 589/426/318 
s 1
f 594/429/231 590/415/233 589/416/233 593/430/231 
s 2
f 300/431/143 295/423/140 590/433/140 594/432/319 
f 296/425/141 589/426/318 588/434/66 
s 1
f 588/417/315 587/414/315 592/420/316 591/421/316 
s 2
f 296/425/141 591/436/66 291/435/66 
f 296/425/141 588/434/66 591/436/66 
f 295/423/140 592/424/69 587/437/69 
f 295/423/140 587/437/69 590/433/140 
s 1
f 595/438/320 596/441/321 597/440/231 598/439/233 
s 2
f 305/442/147 307/445/150 596/444/149 599/443/148 
f 307/445/150 308/447/152 597/446/152 596/444/149 
f 309/448/153 310/451/156 595/450/322 598/449/153 
f 595/450/322 310/451/156 312/453/158 600/452/323 
s 1
f 600/454/324 601/457/325 602/456/326 599/455/327 
s 2
f 599/443/148 602/459/163 315/458/147 305/442/147 
f 312/453/158 316/461/165 601/460/328 600/452/323 
s 1
f 601/457/325 603/463/329 604/462/330 602/456/326 
s 2
f 602/459/163 604/465/8 319/464/8 315/458/147 
f 316/461/165 320/467/1 603/466/1 601/460/328 
s 1
f 596/441/321 595/438/320 600/454/324 599/455/327 
s 8
f 321/468/168 324/471/168 605/470/168 606/469/168 
s 16
f 325/472/169 328/475/171 607/474/331 608/473/332 
s 32
f 329/476/1 332/479/1 609/478/1 610/477/333 
s 2
f 611/480/334 612/483/334 613/482/334 614/481/334 
s 16
f 332/484/69 338/487/69 615/486/69 609/485/69 
s 1
f 616/488/335 617/490/336 618/489/337 
s 16
f 342/491/177 325/472/169 608/473/332 619/492/338 
s 8
f 344/493/8 347/496/8 620/495/8 621/494/8 
f 348/497/8 351/500/8 622/499/8 623/498/8 
s off
f 606/469/178 622/499/178 351/500/178 321/468/178 
f 352/501/69 348/497/69 623/498/69 624/502/69 
f 625/503/233 626/505/233 627/504/233 
f 352/501/179 624/502/179 620/495/179 347/496/179 
s 4
f 628/506/231 617/490/231 629/507/339 
s off
f 630/508/231 626/505/231 631/510/231 632/509/231 
s 8
f 362/511/181 365/514/181 633/513/181 634/512/181 
s off
f 328/475/182 362/511/182 634/512/182 607/474/182 
f 635/515/340 636/518/340 637/517/340 638/516/340 
f 621/494/184 633/520/184 365/519/184 344/493/184 
f 338/487/1 342/491/1 619/492/1 615/486/1 
s 1
f 618/489/337 639/521/341 616/488/335 
s off
f 628/522/70 640/525/70 641/524/70 617/523/70 
f 617/526/69 641/528/69 613/527/69 
s 32
f 610/529/333 642/532/342 643/531/343 373/530/186 
s off
f 613/527/69 641/528/69 642/533/69 
f 376/534/344 379/537/344 644/536/344 645/535/344 
f 644/536/66 379/537/66 373/530/66 643/531/66 
s 32
f 610/529/333 373/530/186 329/538/1 
s off
f 627/504/233 626/505/233 630/508/233 646/539/233 
s 4
f 629/507/339 617/490/231 616/488/345 638/516/346 
s off
f 612/483/347 615/540/347 618/489/347 
f 625/503/348 629/507/348 620/541/348 
f 610/542/69 614/543/69 642/533/69 
f 635/515/349 616/488/349 608/545/349 607/544/349 
f 611/480/350 614/481/350 610/477/350 609/478/350 
f 612/483/351 611/480/351 609/478/351 615/540/351 
f 629/507/352 638/516/352 621/546/352 620/541/352 
f 624/547/353 623/548/353 631/510/353 626/505/353 
f 606/549/354 605/550/354 646/539/354 630/508/354 
f 623/548/314 622/551/314 632/509/314 631/510/314 
f 630/508/355 632/509/355 622/551/355 606/549/355 
f 626/505/356 625/503/356 620/541/356 624/547/356 
f 634/552/357 633/553/357 637/517/357 636/518/357 
f 607/544/358 634/552/358 636/518/358 635/515/358 
f 638/516/359 637/517/359 633/553/359 621/546/359 
f 619/554/360 608/545/360 616/488/360 639/521/360 
f 615/540/361 619/554/361 639/521/361 618/489/361 
f 642/533/69 614/543/69 613/527/69 
f 491/190/362 490/191/362 489/199/362 493/200/362 
f 217/302/363 382/556/363 647/555/363 541/305/363 
f 541/305/364 647/558/364 648/557/364 544/307/364 
f 544/307/365 648/560/365 649/559/365 538/296/365 
f 543/306/366 650/562/366 651/561/366 540/300/366 
f 540/300/212 651/564/212 387/563/212 214/299/212 
f 382/565/367 389/568/367 652/567/367 647/566/367 
f 647/566/368 652/567/368 653/570/368 648/569/368 
f 648/569/369 653/570/369 649/571/369 
f 650/572/370 654/575/370 655/574/370 651/573/370 
f 651/573/217 655/574/217 393/577/217 387/576/217 
f 652/578/69 655/579/69 654/575/69 653/570/69 
f 389/580/69 393/581/69 655/579/69 652/578/69 
f 538/296/371 649/559/371 650/582/371 543/306/371 
s 4
f 536/295/295 538/296/297 543/306/372 
f 538/296/297 537/297/296 544/307/373 
s 2
f 418/39/249 417/35/231 414/32/231 
f 414/32/231 417/35/231 412/31/231 
f 415/34/231 417/35/231 418/39/249 
f 417/35/231 416/36/231 419/42/231 
f 517/246/281 531/283/374 530/284/375 
f 517/246/281 532/286/376 531/283/374 
f 517/246/281 533/288/377 532/286/376 
f 517/246/281 534/290/378 533/288/377 
f 517/246/281 535/292/379 534/290/378 
f 517/246/281 518/249/282 535/292/379 
s off
f 87/583/255 446/96/255 439/97/255 80/584/255 
s 1
f 451/585/233 449/119/250 457/120/233 455/586/233 
f 451/585/233 455/586/233 453/587/233 
s 64
f 553/332/66 557/345/66 560/346/66 554/335/66 
f 506/227/66 510/240/66 513/241/66 507/230/66 
s 16
f 508/229/69 512/236/69 511/237/69 509/228/69 
s off
f 649/571/380 654/575/380 650/572/380 
f 649/571/381 653/570/381 654/575/381 
s 4
f 628/506/231 629/507/339 625/503/231 
f 628/506/231 625/503/231 627/504/231 
f 638/516/346 616/488/345 635/515/382 
s 1
f 612/483/336 617/490/336 613/482/336 
f 618/489/337 617/490/336 612/483/336 
s off
f 66/588/383 55/591/383 429/590/383 432/589/383 
s 1
f 656/592/384 657/593/385 658/594/386 659/595/387 
f 660/596/388 656/592/384 659/595/387 661/597/389 
f 659/595/387 658/594/386 662/598/390 
f 663/599/391 661/597/389 659/595/387 664/600/392 
f 664/600/392 662/598/390 665/601/393 666/602/394 
f 664/600/392 666/602/394 667/603/395 663/599/391 
f 665/601/393 668/604/396 669/605/397 666/602/394 
f 666/602/394 669/605/397 670/606/398 667/603/395 
f 659/595/387 662/598/390 664/600/392 
f 668/604/396 665/601/393 671/607/399 672/608/400 
f 671/607/399 665/601/393 662/598/390 673/609/401 
f 661/610/389 674/611/402 675/612/403 660/613/388 
f 663/614/391 676/615/404 674/611/402 661/610/389 
f 658/616/386 657/617/385 677/618/405 678/619/406 
f 667/620/395 679/621/407 676/615/404 663/614/391 
f 673/622/401 680/623/408 681/624/409 671/625/399 
f 670/626/398 682/627/410 679/621/407 667/620/395 
f 672/628/400 671/625/399 681/624/409 683/629/411 
f 669/630/397 668/631/396 684/632/412 685/633/413 
f 670/634/398 669/630/397 685/633/413 682/635/410 
f 673/622/401 658/616/386 678/619/406 680/623/408 
f 672/636/400 683/637/411 684/632/412 668/631/396 
f 686/638/414 687/639/415 688/640/416 689/641/417 
f 690/642/2 691/643/418 692/644/419 693/645/420 
f 691/643/418 686/638/414 689/641/417 692/644/419 
f 688/646/416 694/647/421 695/648/422 689/649/417 
f 692/650/419 689/649/417 695/648/422 693/651/420 
f 688/652/416 696/653/423 697/654/424 694/655/421 
f 698/656/425 699/657/426 697/654/424 
f 700/658/427 696/659/423 688/660/416 701/661/35 
f 688/660/416 687/662/415 702/663/428 703/664/429 
f 688/660/416 703/664/429 704/665/430 701/661/35 
f 700/658/427 705/666/431 706/667/432 
f 698/656/425 697/654/424 696/653/423 
f 707/668/433 708/669/434 709/670/435 710/671/436 
f 708/669/434 711/672/437 712/673/437 709/670/435 
f 711/672/437 713/674/438 714/675/439 712/673/437 
f 662/598/390 658/594/386 673/609/401 
f 715/676/440 716/677/441 717/678/137 718/679/8 
f 716/677/441 719/680/442 717/678/137 
f 716/677/441 715/681/440 720/682/443 719/680/442 
f 721/683/35 722/684/444 723/685/445 
f 723/685/445 722/684/444 724/686/446 725/687/447 
f 717/678/137 719/680/442 726/688/448 
f 726/688/448 719/680/442 720/682/443 727/689/449 
f 721/683/35 723/685/445 728/690/450 
f 728/690/450 723/685/445 725/687/447 729/691/451 
f 721/683/35 717/678/137 726/688/448 722/684/444 
f 722/684/444 726/688/448 727/689/449 724/686/446 
f 730/692/452 731/693/58 732/694/453 
f 733/695/35 734/696/454 735/697/455 
f 731/693/58 736/698/456 732/694/453 
f 733/695/35 737/699/457 734/696/454 
f 731/693/58 733/695/35 735/697/455 
f 731/693/58 735/697/455 736/698/456 
f 730/692/452 738/700/458 739/701/8 731/693/58 
f 737/699/457 740/702/459 741/703/460 734/696/454 
f 735/697/455 742/704/461 743/705/462 736/698/456 
f 732/694/453 744/706/463 738/707/458 730/692/452 
f 734/696/454 741/703/460 742/704/461 735/697/455 
f 736/698/456 743/705/462 744/706/463 732/694/453 
f 745/708/55 746/709/55 747/710/58 748/711/58 
f 749/712/1 750/713/1 746/709/55 745/708/55 
f 748/711/58 747/710/58 751/714/8 752/715/8 
f 753/716/464 754/717/465 755/718/466 756/719/467 
f 754/717/465 757/720/468 758/721/469 755/718/466 
f 740/722/459 753/716/464 756/719/467 759/723/470 
f 760/724/471 756/719/467 755/718/466 761/725/472 
f 761/725/472 755/718/466 758/721/469 762/726/473 
f 763/727/474 759/723/470 756/719/467 760/724/471 
f 760/724/471 761/725/472 764/728/475 
f 764/728/475 761/725/472 762/726/473 765/729/476 
f 765/730/476 763/727/474 760/724/471 764/728/475 
f 706/667/432 698/731/425 696/659/423 
f 699/732/426 766/733/477 767/734/478 768/735/479 
f 698/736/425 769/737/480 766/733/477 699/732/426 
f 700/738/427 770/739/8 771/740/481 705/741/431 
f 771/740/481 772/742/481 706/743/432 705/741/431 
f 766/744/477 769/745/480 706/743/432 
f 698/731/425 706/667/432 769/746/480 
f 768/747/479 697/654/424 699/657/426 
f 772/742/481 767/748/478 766/744/477 706/743/432 
f 773/749/7 774/750/482 775/751/483 776/752/484 
f 774/750/482 777/753/485 778/754/486 775/751/483 
f 777/753/485 779/755/487 780/756/488 778/754/486 
f 779/755/487 781/757/489 782/758/490 780/756/488 
f 781/757/489 783/759/2 784/760/491 782/758/490 
f 776/761/484 775/762/483 785/763/492 786/764/493 
f 775/762/483 778/765/486 787/766/494 785/763/492 
f 778/765/486 780/767/488 788/768/495 787/766/494 
f 780/767/488 782/769/490 789/770/496 788/768/495 
f 782/769/490 784/771/491 790/772/497 789/770/496 
f 786/773/493 785/774/492 791/775/294 
f 785/774/492 787/776/494 791/775/294 
f 787/776/494 788/777/495 791/775/294 
f 788/777/495 789/778/496 791/775/294 
f 789/778/496 790/779/497 791/775/294 
f 700/658/427 706/667/432 696/659/423 
f 792/780/35 793/781/498 794/782/498 795/783/72 
f 793/781/498 796/784/499 797/785/499 794/782/498 
f 798/786/500 799/787/501 800/788/502 801/789/503 
f 799/787/501 792/780/35 795/783/72 800/788/502 
s off
f 797/790/504 796/791/504 802/792/504 803/793/504 
f 798/794/505 801/795/505 804/796/505 805/797/505 
s 2
f 806/798/506 807/799/507 808/800/506 809/801/506 
s off
f 810/802/508 811/803/508 812/804/508 813/805/508 
f 811/803/3 814/806/3 815/807/3 812/804/3 
f 814/806/509 816/808/509 817/809/509 815/807/509 
s 4
f 808/800/510 818/810/511 819/811/511 809/801/507 
s off
f 819/811/512 818/810/512 820/812/512 
s 4
f 817/813/513 808/814/510 813/815/514 815/816/513 
f 812/817/514 815/816/513 813/815/514 
s off
f 821/818/515 822/819/515 823/820/515 824/821/515 
f 822/819/516 825/822/516 826/823/516 823/820/516 
f 825/822/517 818/810/517 827/824/517 826/823/517 
s 1
f 828/825/518 702/826/428 821/818/519 824/821/520 
s off
f 816/808/521 808/800/521 817/809/521 
s 1
f 816/808/522 827/824/523 818/810/524 808/800/525 
s 2
f 826/827/69 827/828/69 829/829/513 823/830/513 
f 814/831/66 811/832/112 830/833/112 816/834/66 
s off
f 810/835/526 831/836/526 832/837/526 833/838/526 
f 831/839/527 834/840/527 835/841/527 832/842/527 
f 834/840/528 836/843/528 837/844/528 835/841/528 
f 836/843/529 828/845/529 838/846/529 837/844/529 
f 828/847/530 824/848/530 839/849/530 838/850/530 
f 816/851/531 830/852/531 829/853/531 827/854/531 
f 824/848/69 829/829/69 839/849/69 
f 833/855/532 839/856/532 829/857/532 830/858/532 
f 810/835/294 833/838/294 830/833/294 
s 2
f 829/829/513 824/848/513 823/830/513 
f 811/832/112 810/835/533 830/833/112 
s 1
f 831/859/534 810/802/535 813/805/536 703/860/429 
f 834/861/537 831/859/534 703/860/429 
f 836/862/538 834/861/537 703/860/429 702/826/428 
f 828/825/518 836/862/538 702/826/428 
f 839/863/3 833/864/35 832/865/3 838/866/3 
f 838/866/3 832/865/3 835/867/3 837/868/35 
f 840/592/539 841/595/540 842/594/541 843/593/542 
f 844/596/543 845/597/544 841/595/540 840/592/539 
f 841/595/540 846/598/545 842/594/541 
f 847/599/546 848/600/547 841/595/540 845/597/544 
f 848/600/547 849/602/548 850/601/549 846/598/545 
f 848/600/547 847/599/546 851/603/550 849/602/548 
f 850/601/549 849/602/548 852/605/551 853/604/552 
f 849/602/548 851/603/550 854/606/553 852/605/551 
f 841/595/540 848/600/547 846/598/545 
f 853/604/552 855/608/554 856/607/555 850/601/549 
f 856/607/555 857/609/556 846/598/545 850/601/549 
f 845/610/544 844/613/543 675/612/403 674/611/402 
f 847/614/546 845/610/544 674/611/402 676/615/404 
f 842/616/541 678/619/406 677/618/405 843/617/542 
f 851/620/550 847/614/546 676/615/404 679/621/407 
f 857/622/556 856/625/555 681/624/409 680/623/408 
f 854/626/553 851/620/550 679/621/407 682/627/410 
f 855/628/554 683/629/411 681/624/409 856/625/555 
f 852/630/551 685/633/413 684/632/412 853/631/552 
f 854/634/553 682/635/410 685/633/413 852/630/551 
f 857/622/556 680/623/408 678/619/406 842/616/541 
f 855/636/554 853/631/552 684/632/412 683/637/411 
f 858/638/557 859/641/558 860/640/559 861/639/560 
f 690/642/2 693/645/420 862/644/561 863/643/562 
f 863/643/562 862/644/561 859/641/558 858/638/557 
f 860/646/559 859/649/558 695/648/422 694/647/421 
f 862/650/561 693/651/420 695/648/422 859/649/558 
f 860/652/559 694/655/421 697/654/424 864/653/563 
f 865/656/564 697/654/424 866/657/565 
f 867/663/566 861/662/560 860/660/559 868/664/567 
f 869/665/568 868/664/567 860/660/559 870/658/569 
f 870/658/569 860/660/559 864/659/563 
f 870/658/569 871/667/570 872/666/571 
f 865/656/564 864/653/563 697/654/424 
f 873/670/572 874/669/572 875/668/573 876/671/573 
f 877/673/574 878/672/574 874/669/572 873/670/572 
f 879/675/575 880/674/575 878/672/574 877/673/574 
f 846/598/545 857/609/556 842/594/541 
f 715/676/440 718/679/8 881/678/261 882/677/576 
f 882/677/576 881/678/261 883/680/577 
f 882/677/576 883/680/577 720/682/443 715/681/440 
f 884/683/233 885/685/578 886/684/579 
f 885/685/578 725/687/447 724/686/446 886/684/579 
f 881/678/261 887/688/580 883/680/577 
f 887/688/580 727/689/449 720/682/443 883/680/577 
f 884/683/233 888/690/581 885/685/578 
f 888/690/581 729/691/451 725/687/447 885/685/578 
f 884/683/233 886/684/579 887/688/580 881/678/261 
f 886/684/579 724/686/446 727/689/449 887/688/580 
f 889/692/582 890/694/583 891/693/314 
f 892/695/233 893/697/584 894/696/585 
f 891/693/314 890/694/583 895/698/586 
f 892/695/233 894/696/585 896/699/587 
f 891/693/314 893/697/584 892/695/233 
f 891/693/314 895/698/586 893/697/584 
f 889/692/582 891/693/314 739/701/8 738/700/458 
f 896/699/587 894/696/585 741/703/460 740/702/459 
f 893/697/584 895/698/586 743/705/462 742/704/461 
f 890/694/583 889/692/582 738/707/458 744/706/463 
f 894/696/585 893/697/584 742/704/461 741/703/460 
f 895/698/586 890/694/583 744/706/463 743/705/462 
f 897/708/258 898/711/261 899/710/261 900/709/258 
f 749/712/1 897/708/258 900/709/258 750/713/1 
f 898/711/261 752/715/8 751/714/8 899/710/261 
f 901/716/588 902/719/589 903/718/590 904/717/591 
f 904/717/591 903/718/590 758/721/469 757/720/468 
f 740/722/459 759/723/470 902/719/589 901/716/588 
f 905/724/592 906/725/593 903/718/590 902/719/589 
f 906/725/593 762/726/473 758/721/469 903/718/590 
f 763/727/474 905/724/592 902/719/589 759/723/470 
f 905/724/592 907/728/594 906/725/593 
f 907/728/594 765/729/476 762/726/473 906/725/593 
f 765/730/476 907/728/594 905/724/592 763/727/474 
f 871/667/570 864/659/563 865/731/564 
f 866/732/565 768/735/479 767/734/478 908/733/595 
f 865/736/564 866/732/565 908/733/595 909/737/596 
f 870/738/569 872/741/571 771/740/481 770/739/8 
f 771/740/481 872/741/571 871/743/570 772/742/481 
f 908/744/595 871/743/570 909/745/596 
f 865/731/564 909/746/596 871/667/570 
f 768/747/479 866/657/565 697/654/424 
f 772/742/481 871/743/570 908/744/595 767/748/478 
f 773/749/7 776/752/484 910/751/597 911/750/598 
f 911/750/598 910/751/597 912/754/599 913/753/600 
f 913/753/600 912/754/599 914/756/601 915/755/602 
f 915/755/602 914/756/601 916/758/603 917/757/604 
f 917/757/604 916/758/603 784/760/491 783/759/2 
f 776/761/484 786/764/493 918/763/605 910/762/597 
f 910/762/597 918/763/605 919/766/606 912/765/599 
f 912/765/599 919/766/606 920/768/607 914/767/601 
f 914/767/601 920/768/607 921/770/608 916/769/603 
f 916/769/603 921/770/608 790/772/497 784/771/491 
f 786/773/493 791/775/294 918/774/605 
f 918/774/605 791/775/294 919/776/606 
f 919/776/606 791/775/294 920/777/607 
f 920/777/607 791/775/294 921/778/608 
f 921/778/608 791/775/294 790/779/497 
f 870/658/569 864/659/563 871/667/570 
f 922/780/233 923/783/249 924/782/609 925/781/609 
f 925/781/609 924/782/609 926/785/610 927/784/610 
f 928/786/611 929/789/612 930/788/613 931/787/614 
f 931/787/614 930/788/613 923/783/249 922/780/233 
s off
f 926/790/615 932/793/615 933/792/615 927/791/615 
f 928/794/616 934/797/616 935/796/616 929/795/616 
s 2
f 936/800/617 937/799/618 938/798/617 939/801/617 
s off
f 940/802/619 941/805/619 942/804/619 943/803/619 
f 943/803/250 942/804/250 944/807/250 945/806/250 
f 945/806/620 944/807/620 946/809/620 947/808/620 
s 4
f 936/800/621 939/801/618 948/811/622 949/810/622 
s off
f 948/811/623 950/812/623 949/810/623 
s 4
f 941/815/624 936/814/621 946/813/69 944/816/69 
f 942/817/625 941/815/624 944/816/69 
s off
f 951/818/626 952/821/626 953/820/626 954/819/626 
f 954/819/627 953/820/627 955/823/627 956/822/627 
f 956/822/628 955/823/628 957/824/628 949/810/628 
s 1
f 958/825/629 952/821/630 951/818/631 867/826/566 
s off
f 947/808/632 946/809/632 936/800/632 
s 1
f 947/808/633 936/800/634 949/810/635 957/824/636 
s 2
f 955/827/69 953/830/69 959/829/69 957/828/69 
f 945/831/66 947/834/66 960/833/294 943/832/294 
s off
f 940/835/637 961/838/637 962/837/637 963/836/637 
f 963/839/527 962/842/527 964/841/527 965/840/527 
f 965/840/528 964/841/528 966/844/528 967/843/528 
f 967/843/529 966/844/529 968/846/529 958/845/529 
f 958/847/638 968/850/638 969/849/638 952/848/638 
f 947/851/639 957/854/639 959/853/639 960/852/639 
f 952/848/513 969/849/513 959/829/513 
f 961/855/640 960/858/640 959/857/640 969/856/640 
f 940/835/112 960/833/112 961/838/112 
s 2
f 959/829/69 953/830/69 952/848/69 
f 943/832/294 960/833/294 940/835/641 
s 1
f 963/859/642 868/860/567 941/805/643 940/802/644 
f 965/861/645 868/860/567 963/859/642 
f 967/862/646 867/826/566 868/860/567 965/861/645 
f 958/825/629 867/826/566 967/862/646 
f 969/863/250 968/866/250 962/865/250 961/864/249 
f 968/866/250 966/868/233 964/867/250 962/865/250 
f 970/869/647 971/870/648 972/871/649 973/872/647 
f 971/870/648 974/873/650 975/874/651 972/871/649 
f 974/873/650 976/875/652 977/876/653 975/874/651 
s off
f 978/877/294 971/878/294 979/879/294 980/880/294 
f 980/881/654 979/882/654 981/883/654 982/884/654 
f 983/885/69 982/886/69 981/887/69 972/888/69 
f 983/885/655 972/888/655 975/889/655 984/890/655 
f 984/891/656 975/892/656 977/893/656 985/894/656 
f 985/894/657 977/893/657 976/895/657 986/896/657 
f 986/896/658 976/895/658 974/897/658 987/898/658 
f 987/899/659 974/900/659 971/878/659 978/877/659 
s 1
f 988/901/660 989/902/661 990/903/661 991/904/662 
f 992/905/663 993/906/664 994/907/664 995/908/665 
f 993/906/664 970/869/647 973/872/647 994/907/664 
f 989/902/661 996/909/666 997/910/666 990/903/661 
f 992/905/663 995/908/665 997/910/666 996/909/666 
f 979/882/667 988/901/660 991/904/662 981/883/668 
s off
f 994/911/69 973/912/69 991/913/69 990/914/69 
f 995/915/513 994/911/513 990/914/513 997/916/513 
f 973/912/513 972/888/513 981/887/513 991/913/513 
f 979/879/294 971/878/294 970/917/294 988/918/294 
f 988/918/294 970/917/294 993/919/294 989/920/294 
f 989/920/294 993/919/294 992/921/294 996/922/294 
s 1
f 998/780/8 999/781/669 1000/782/669 1001/783/75 
f 999/781/669 1002/784/670 1003/785/670 1000/782/669 
f 1004/786/671 1005/787/672 1006/788/673 1007/789/674 
f 1005/787/672 998/780/8 1001/783/75 1006/788/673 
s off
f 1003/790/675 1002/791/675 1008/792/675 1009/793/675 
f 1004/794/676 1007/795/676 1010/796/676 1011/797/676 
s 1
f 1012/923/677 1013/924/678 1014/925/678 1015/926/677 
f 710/671/436 1012/923/677 1015/926/677 707/668/433 
f 1013/924/678 1016/927/679 1017/928/679 1014/925/678 
f 1016/927/679 1018/929/680 1019/930/681 1017/928/679 
f 1020/931/682 1021/932/1 1022/933/1 1023/934/682 
f 1018/929/680 1020/931/682 1023/934/682 1019/930/681 
f 1024/935/683 714/675/439 713/674/438 1025/936/683 
f 1026/937/684 1027/938/685 1028/939/685 1029/940/684 
f 1030/941/686 1026/937/684 1029/940/684 1031/942/686 
f 1027/938/685 1032/943/687 1033/944/688 1028/939/685 
f 1032/943/687 1034/945/689 1035/946/689 1033/944/688 
f 1034/945/689 1024/935/683 1025/936/683 1035/946/689 
f 1036/947/690 1030/941/686 1031/942/686 1037/948/690 
f 1038/949/691 1036/947/690 1037/948/690 1039/950/691 
f 1040/951/8 1041/952/692 1042/953/692 1043/954/8 
f 1041/952/692 1038/949/691 1039/950/691 1042/953/692 
f 1044/924/693 1045/923/694 1046/926/694 1047/925/693 
f 1045/923/694 876/671/573 875/668/573 1046/926/694 
f 1048/927/695 1044/924/693 1047/925/693 1049/928/695 
f 1050/929/696 1048/927/695 1049/928/695 1051/930/697 
f 1021/932/1 1052/931/698 1053/934/698 1022/933/1 
f 1052/931/698 1050/929/696 1051/930/697 1053/934/698 
f 879/675/575 1054/935/699 1055/936/700 880/674/575 
f 1056/938/701 1057/937/702 1058/940/702 1059/939/701 
f 1057/937/702 1060/941/703 1061/942/703 1058/940/702 
f 1062/943/704 1056/938/701 1059/939/701 1063/944/705 
f 1064/945/706 1062/943/704 1063/944/705 1065/946/706 
f 1054/935/699 1064/945/706 1065/946/706 1055/936/700 
f 1060/941/703 1066/947/707 1067/948/707 1061/942/703 
f 1066/947/707 1068/949/708 1069/950/708 1067/948/707 
f 1070/952/709 1040/951/8 1043/954/8 1071/953/709 
f 1068/949/708 1070/952/709 1071/953/709 1069/950/708 
f 936/800/634 941/805/643 1072/955/710 937/799/711 
f 1072/955/710 941/805/643 1073/956/712 
f 1073/956/712 941/805/643 868/860/567 869/957/568 
f 813/805/536 808/800/525 807/799/713 1074/955/714 
f 1075/956/715 813/805/536 1074/955/714 
f 703/860/429 813/805/536 1075/956/715 704/957/430 
f 1076/958/716 1077/959/717 1078/960/718 1079/961/719 
f 1078/960/718 1080/962/720 1081/963/721 1079/961/719 
f 1078/964/718 1082/965/722 1083/966/8 1080/967/720 
f 1077/968/717 1084/969/723 1082/965/722 1078/964/718 
f 1085/970/724 1086/971/725 1087/972/725 1088/973/724 
s 5
f 1089/974/35 1090/975/35 1079/961/719 1081/963/721 
s 1
f 1091/976/726 1092/977/727 1085/970/724 1088/973/724 
f 1091/976/726 1088/973/724 1093/978/728 
f 1094/979/1 1091/980/726 1093/981/728 1095/982/1 
s off
f 1096/983/729 1090/975/729 1089/974/729 1087/972/729 
s 4
f 1090/975/35 1076/958/35 1079/961/719 
s off
f 1097/984/69 1098/985/69 1099/986/69 
f 1100/987/69 1101/988/69 1099/986/69 
f 1102/989/69 1103/990/69 1099/986/69 
f 1103/990/69 1104/991/69 1099/986/69 
f 1104/991/69 1105/992/69 1099/986/69 
f 1101/988/69 1097/984/69 1099/986/69 
f 1098/985/69 1102/989/69 1099/986/69 
f 1088/973/730 1087/972/730 1098/993/730 1097/994/730 
f 1087/972/731 1089/974/731 1102/995/731 1098/993/731 
f 1089/974/732 1081/963/732 1103/996/732 1102/995/732 
f 1081/963/733 1080/962/733 1104/997/733 1103/996/733 
f 1080/967/734 1083/966/734 1105/998/734 1104/999/734 
f 1095/982/735 1093/981/735 1101/1000/735 1100/1001/735 
f 1093/978/736 1088/973/736 1097/994/736 1101/1002/736 
s 2
f 1096/983/506 1087/972/506 1086/971/506 
s 1
f 1106/958/737 1107/961/738 1108/960/739 1109/959/740 
f 1108/960/739 1107/961/738 1110/963/741 1111/962/742 
f 1108/964/739 1111/967/742 1083/966/8 1082/965/722 
f 1109/968/740 1108/964/739 1082/965/722 1084/969/723 
f 1112/970/743 1113/973/710 1114/972/711 1115/971/744 
s 5
f 1116/974/233 1110/963/741 1107/961/738 1117/975/249 
s 1
f 1118/976/745 1119/978/746 1113/973/710 1112/970/743 
f 1118/976/745 1112/970/743 1120/977/747 
f 1094/979/1 1095/982/1 1119/981/746 1118/980/745 
s off
f 1121/983/748 1114/972/748 1116/974/748 1117/975/748 
s 4
f 1117/975/249 1107/961/738 1106/958/249 
s off
f 1122/984/69 1099/986/69 1123/985/69 
f 1100/987/69 1099/986/69 1124/988/69 
f 1125/989/69 1099/986/69 1126/990/69 
f 1126/990/69 1099/986/69 1127/991/69 
f 1127/991/69 1099/986/69 1105/992/69 
f 1124/988/69 1099/986/69 1122/984/69 
f 1123/985/69 1099/986/69 1125/989/69 
f 1113/973/749 1122/994/749 1123/993/749 1114/972/749 
f 1114/972/750 1123/993/750 1125/995/750 1116/974/750 
f 1116/974/751 1125/995/751 1126/996/751 1110/963/751 
f 1110/963/752 1126/996/752 1127/997/752 1111/962/752 
f 1111/967/753 1127/999/753 1105/998/753 1083/966/753 
f 1095/982/735 1100/1001/735 1124/1000/735 1119/981/735 
f 1119/978/754 1124/1002/754 1122/994/754 1113/973/754 
s 2
f 1121/983/617 1115/971/617 1114/972/617 
s 1
f 1128/1003/755 1129/1004/40 1130/1005/756 1131/1006/757 
f 1131/1006/757 1130/1005/756 1132/1007/120 1133/1008/758 
f 1134/1009/759 1135/1010/760 1136/1011/761 1137/1012/762 
f 1137/1012/762 1136/1011/761 1129/1004/40 1128/1003/755 
f 1138/1013/763 1139/1014/35 1140/1015/764 1141/1016/765 
f 1142/1017/766 1138/1013/763 1141/1016/765 1143/1018/767 
f 1144/1019/78 1142/1017/766 1143/1018/767 1145/1020/768 
f 1146/1021/769 1147/1022/75 1148/1023/770 1149/1024/771 
f 1150/1025/772 1146/1021/769 1149/1024/771 1151/1026/773 
f 1139/1014/35 1150/1025/772 1151/1026/773 1140/1015/764 
f 1141/1016/765 1140/1015/764 1152/1027/774 1153/1028/775 
f 1143/1018/767 1141/1016/765 1153/1028/775 1154/1029/776 
f 1145/1020/768 1143/1018/767 1154/1029/776 1155/1030/777 
f 1149/1024/771 1148/1023/770 1156/1031/778 1157/1032/779 
f 1151/1026/773 1149/1024/771 1157/1032/779 1158/1033/780 
f 1140/1015/764 1151/1026/773 1158/1033/780 1152/1027/774 
f 1153/1028/775 1152/1027/774 1159/1034/781 1160/1035/782 
f 1154/1029/776 1153/1028/775 1160/1035/782 1161/1036/783 
f 1155/1030/777 1154/1029/776 1161/1036/783 1162/1037/784 
f 1157/1032/779 1156/1031/778 1163/1038/785 1164/1039/786 
f 1158/1033/780 1157/1032/779 1164/1039/786 1165/1040/787 
f 1152/1027/774 1158/1033/780 1165/1040/787 1159/1034/781 
f 1128/1003/755 1131/1006/757 1166/1041/788 1167/1042/789 
f 1131/1006/757 1133/1008/758 1168/1043/790 1166/1041/788 
f 1169/1044/791 1168/1043/790 1133/1008/758 1170/1045/66 
f 1171/1046/792 1134/1009/759 1172/1047/793 1173/1048/794 
f 1134/1009/759 1137/1012/762 1174/1049/795 1172/1047/793 
f 1137/1012/762 1128/1003/755 1167/1042/789 1174/1049/795 
f 1167/1042/789 1166/1041/788 1175/1050/796 1176/1051/797 
f 1166/1041/788 1168/1043/790 1177/1052/798 1175/1050/796 
f 1178/1053/799 1177/1052/798 1168/1043/790 1169/1044/791 
f 1173/1048/794 1172/1047/793 1179/1054/800 1180/1055/801 
f 1172/1047/793 1174/1049/795 1181/1056/802 1179/1054/800 
f 1174/1049/795 1167/1042/789 1176/1051/797 1181/1056/802 
f 1160/1057/782 1159/1058/781 1182/1059/69 
f 1161/1060/783 1160/1057/782 1182/1059/69 
f 1162/1061/784 1161/1060/783 1182/1059/69 
f 1164/1062/786 1163/1063/785 1182/1059/69 
f 1165/1064/787 1164/1062/786 1182/1059/69 
f 1159/1058/781 1165/1064/787 1182/1059/69 
f 1177/1065/798 1178/1061/799 1183/1059/112 
f 1180/1063/801 1179/1066/800 1183/1059/112 
f 1171/1046/792 1184/1067/8 1135/1010/760 1134/1009/759 
f 1176/1068/797 1175/1069/796 1183/1059/112 
f 1175/1069/796 1177/1065/798 1183/1059/112 
f 1179/1066/800 1181/1070/802 1183/1059/112 
f 1181/1070/802 1176/1068/797 1183/1059/112 
s 2
f 1133/1008/803 1132/1007/803 1185/1071/76 1170/1045/76 
s 1
f 1186/1005/804 1187/1004/250 1188/1003/805 1189/1006/806 
f 1190/1007/301 1186/1005/804 1189/1006/806 1191/1008/807 
f 1192/1011/808 1193/1010/809 1194/1009/810 1195/1012/811 
f 1187/1004/250 1192/1011/808 1195/1012/811 1188/1003/805 
f 1196/1013/812 1197/1016/813 1198/1015/814 1199/1014/233 
f 1200/1017/815 1201/1018/816 1197/1016/813 1196/1013/812 
f 1144/1019/78 1145/1020/768 1201/1018/816 1200/1017/815 
f 1202/1021/817 1203/1024/818 1148/1023/770 1147/1022/75 
f 1204/1025/560 1205/1026/819 1203/1024/818 1202/1021/817 
f 1199/1014/233 1198/1015/814 1205/1026/819 1204/1025/560 
f 1197/1016/813 1206/1028/820 1207/1027/821 1198/1015/814 
f 1201/1018/816 1208/1029/822 1206/1028/820 1197/1016/813 
f 1145/1020/768 1155/1030/777 1208/1029/822 1201/1018/816 
f 1203/1024/818 1209/1032/823 1156/1031/778 1148/1023/770 
f 1205/1026/819 1210/1033/824 1209/1032/823 1203/1024/818 
f 1198/1015/814 1207/1027/821 1210/1033/824 1205/1026/819 
f 1206/1028/820 1211/1035/825 1212/1034/826 1207/1027/821 
f 1208/1029/822 1213/1036/827 1211/1035/825 1206/1028/820 
f 1155/1030/777 1162/1037/784 1213/1036/827 1208/1029/822 
f 1209/1032/823 1214/1039/828 1163/1038/785 1156/1031/778 
f 1210/1033/824 1215/1040/829 1214/1039/828 1209/1032/823 
f 1207/1027/821 1212/1034/826 1215/1040/829 1210/1033/824 
f 1188/1003/805 1216/1042/830 1217/1041/831 1189/1006/806 
f 1189/1006/806 1217/1041/831 1218/1043/832 1191/1008/807 
f 1169/1044/791 1170/1045/66 1191/1008/807 1218/1043/832 
f 1171/1046/792 1173/1048/794 1219/1047/833 1194/1009/810 
f 1194/1009/810 1219/1047/833 1220/1049/834 1195/1012/811 
f 1195/1012/811 1220/1049/834 1216/1042/830 1188/1003/805 
f 1216/1042/830 1221/1051/835 1222/1050/836 1217/1041/831 
f 1217/1041/831 1222/1050/836 1223/1052/837 1218/1043/832 
f 1178/1053/799 1169/1044/791 1218/1043/832 1223/1052/837 
f 1173/1048/794 1180/1055/801 1224/1054/838 1219/1047/833 
f 1219/1047/833 1224/1054/838 1225/1056/839 1220/1049/834 
f 1220/1049/834 1225/1056/839 1221/1051/835 1216/1042/830 
f 1211/1069/825 1182/1059/69 1212/1068/826 
f 1213/1065/827 1182/1059/69 1211/1069/825 
f 1162/1061/784 1182/1059/69 1213/1065/827 
f 1214/1066/828 1182/1059/69 1163/1063/785 
f 1215/1070/829 1182/1059/69 1214/1066/828 
f 1212/1068/826 1182/1059/69 1215/1070/829 
f 1223/1060/837 1183/1059/112 1178/1061/799 
f 1180/1063/801 1183/1059/112 1224/1062/838 
f 1193/1010/809 1184/1067/8 1171/1046/792 1194/1009/810 
f 1221/1058/835 1183/1059/112 1222/1057/836 
f 1222/1057/836 1183/1059/112 1223/1060/837 
f 1224/1062/838 1183/1059/112 1225/1064/839 
f 1225/1064/839 1183/1059/112 1221/1058/835 
s 2
f 1185/1071/76 1190/1007/840 1191/1008/840 1170/1045/76 
# 872 polygons - 211 triangles

#
# object cover
#

v  0.8486 1.2626 -3.7847
v  0.8486 1.2625 -6.4394
v  0.7553 1.4036 -6.4394
v  0.7553 1.4036 -3.7847
v  0.5043 1.7301 -6.4393
v  0.5042 1.7301 -3.7848
v  0.4127 1.8451 -6.2963
v  0.4125 1.8450 -3.9301
v  0.7354 1.3899 -3.7847
v  0.7710 0.9020 -3.7847
v  0.8030 0.9177 -3.7847
v  0.7710 0.9020 -6.4394
v  0.8030 0.9177 -6.4394
v  0.7354 1.3899 -6.4394
v  0.4722 1.7323 -6.4393
v  0.3806 1.8451 -6.2963
v  0.3805 1.8450 -3.9301
v  0.4720 1.7322 -3.7848
v  0.8593 0.9900 -3.7847
v  0.8593 0.9900 -6.4394
v  0.9273 1.0344 -6.4394
v  0.9273 1.0344 -3.7847
v  0.9493 1.1646 -3.7847
v  0.9493 1.1646 -6.4394
v  0.9215 1.2203 -6.4394
v  0.9215 1.2204 -3.7847
v  0.9517 1.0902 -6.4394
v  0.9516 1.0902 -3.7847
# 28 vertices

vn 0.6857 0.7279 -0.0000
vn 0.8139 0.5810 -0.0000
vn 0.8138 0.5811 0.0000
vn 0.7892 0.6141 0.0000
vn 0.7890 0.6143 0.0001
vn 0.7820 0.6233 0.0001
vn 0.7817 0.6236 0.0001
vn 0.0000 -0.0000 1.0000
vn 0.4394 -0.8983 0.0000
vn -0.0000 0.0000 -1.0000
vn -0.0000 0.0001 -1.0000
vn 0.0260 0.7899 -0.6127
vn 0.0000 1.0000 0.0001
vn 0.0261 0.7948 0.6064
vn -0.0000 0.0002 1.0000
vn 0.6773 -0.7357 0.0000
vn 0.6774 -0.7356 0.0000
vn 0.7637 -0.6456 0.0000
vn 0.9697 0.2443 0.0000
vn 0.9697 0.2444 0.0000
vn 0.7287 0.6848 -0.0000
vn 0.9819 -0.1892 0.0000
vn 0.7891 -0.6143 0.0000
vn 0.7892 -0.6142 0.0000
vn 0.0000 0.0000 -1.0000
vn -0.0000 -0.0000 1.0000
# 26 vertex normals

vt 0.5577 0.4334 0.7072
vt 0.3310 0.4334 0.7072
vt 0.3310 0.4474 0.7403
vt 0.5577 0.4474 0.7403
vt 0.3310 0.4797 0.8292
vt 0.5577 0.4797 0.8293
vt 0.3432 0.4910 0.8617
vt 0.5453 0.4910 0.8617
vt 0.5437 0.1892 -0.9128
vt 0.5437 0.2583 -0.9128
vt 0.5344 0.2565 -0.9128
vt 0.5354 0.1875 -0.9128
vt 0.5577 0.3977 0.7347
vt 0.3310 0.3977 0.7347
vt 0.3310 0.3993 0.7234
vt 0.5577 0.3993 0.7234
vt 0.5437 0.1892 1.7615
vt 0.5354 0.1875 1.7615
vt 0.5344 0.2565 1.7615
vt 0.5437 0.2583 1.7615
vt 0.5437 0.1365 1.7615
vt 0.5360 0.1373 1.7615
vt 0.4253 0.0045 0.6740
vt 0.4253 0.0142 0.7124
vt 0.4134 0.0142 0.7124
vt 0.4134 0.0045 0.6732
vt 0.4253 0.1743 0.7123
vt 0.4134 0.1743 0.7123
vt 0.4253 0.1841 0.6739
vt 0.4134 0.1841 0.6732
vt 0.5437 0.1366 -0.9128
vt 0.5360 0.1373 -0.9128
vt 0.5577 0.4064 0.7034
vt 0.3310 0.4064 0.7034
vt 0.3310 0.4108 0.6793
vt 0.5577 0.4108 0.6793
vt 0.5577 0.4237 0.6715
vt 0.3310 0.4237 0.6715
vt 0.3310 0.4292 0.6814
vt 0.5577 0.4292 0.6814
vt 0.3310 0.4164 0.6707
vt 0.5577 0.4164 0.6707
vt 0.5133 0.2155 1.7615
vt 0.5148 0.2417 1.7615
vt 0.5253 0.2471 1.7615
vt 0.5235 0.2086 1.7615
vt 0.5100 0.2237 1.7615
vt 0.5105 0.2341 1.7615
vt 0.5253 0.2471 -0.9128
vt 0.5235 0.2086 -0.9128
vt 0.5148 0.2417 -0.9128
vt 0.5133 0.2155 -0.9128
vt 0.5105 0.2341 -0.9128
vt 0.5100 0.2237 -0.9128
# 54 texture coords

g cover
usemtl sr25_sw6
s 1
f 1226/1072/841 1227/1073/841 1228/1074/842 1229/1075/843 
f 1229/1075/843 1228/1074/842 1230/1076/844 1231/1077/845 
f 1231/1077/845 1230/1076/844 1232/1078/846 1233/1079/847 
s off
f 1234/1080/848 1235/1081/848 1236/1082/848 1229/1083/848 
f 1235/1084/849 1237/1085/849 1238/1086/849 1236/1087/849 
f 1239/1088/850 1228/1089/850 1238/1090/850 1237/1091/850 
f 1239/1088/851 1240/1092/851 1230/1093/851 1228/1089/851 
f 1240/1094/852 1241/1095/852 1232/1096/852 1230/1097/852 
f 1241/1095/853 1242/1098/853 1233/1099/853 1232/1096/853 
f 1242/1098/854 1243/1100/854 1231/1101/854 1233/1099/854 
f 1243/1102/855 1234/1080/855 1229/1083/855 1231/1103/855 
s 1
f 1244/1104/856 1245/1105/857 1246/1106/858 1247/1107/858 
f 1248/1108/859 1249/1109/860 1250/1110/861 1251/1111/861 
f 1251/1111/861 1250/1110/861 1227/1073/841 1226/1072/841 
f 1247/1107/858 1246/1106/858 1252/1112/862 1253/1113/862 
f 1248/1108/859 1253/1113/862 1252/1112/862 1249/1109/860 
f 1236/1087/863 1238/1086/864 1245/1105/857 1244/1104/856 
s off
f 1250/1114/850 1246/1115/850 1245/1116/850 1227/1117/850 
f 1249/1118/865 1252/1119/865 1246/1115/865 1250/1114/865 
f 1227/1117/865 1245/1116/865 1238/1090/865 1228/1089/865 
f 1236/1082/866 1244/1120/866 1226/1121/866 1229/1083/866 
f 1244/1120/848 1247/1122/848 1251/1123/848 1226/1121/848 
f 1247/1122/848 1253/1124/848 1248/1125/848 1251/1123/848 
# 23 polygons

#
# object magazine
#

v  0.0000 -4.7341 -6.2217
v  0.3522 -4.7341 -6.2217
v  0.3522 -4.3296 -3.6641
v  0.0000 -4.3296 -3.6641
v  0.0000 0.7495 -6.2217
v  0.0000 0.7495 -3.6641
v  0.3522 0.7495 -3.6641
v  0.3522 0.7495 -6.2217
v  -0.3522 -4.3296 -3.6641
v  -0.3522 -4.7341 -6.2217
v  -0.3522 0.7495 -6.2217
v  -0.3522 0.7495 -3.6641
# 12 vertices

vn 0.0000 -0.7603 -0.6495
vn 0.5695 -0.6250 -0.5339
vn 0.5860 -0.5263 0.6161
vn 0.0000 -0.6495 0.7603
vn 0.0000 0.7071 -0.7071
vn 0.0000 0.7071 0.7071
vn 0.5774 0.5774 0.5774
vn 0.5774 0.5774 -0.5774
vn -0.5860 -0.5263 0.6161
vn -0.5695 -0.6250 -0.5339
vn -0.5774 0.5774 -0.5774
vn -0.5774 0.5774 0.5774
# 12 vertex normals

vt 0.1240 0.5959 -0.0271
vt 0.1277 0.6182 -0.0149
vt 0.0330 0.6331 -0.0149
vt 0.0288 0.6123 -0.0271
vt 0.1277 0.8402 -0.0271
vt 0.0330 0.8402 -0.0271
vt 0.0330 0.8207 -0.0149
vt 0.1277 0.8207 -0.0149
vt 0.1277 0.6182 -0.0182
vt 0.1277 0.8207 -0.0182
vt 0.0330 0.8207 -0.0182
vt 0.0330 0.6331 -0.0182
vt 0.0118 0.8207 -0.0271
vt 0.0121 0.6332 -0.0271
vt 0.1486 0.8207 -0.0271
vt 0.1487 0.6182 -0.0271
# 16 texture coords

g magazine
usemtl sr25_sw6
s 1
f 1254/1126/867 1255/1127/868 1256/1128/869 1257/1129/870 
f 1258/1130/871 1259/1131/872 1260/1132/873 1261/1133/874 
f 1255/1134/868 1261/1135/874 1260/1136/873 1256/1137/869 
f 1256/1128/869 1260/1132/873 1259/1138/872 1257/1139/870 
f 1258/1140/871 1261/1133/874 1255/1127/868 1254/1141/867 
f 1254/1126/867 1257/1129/870 1262/1128/875 1263/1127/876 
f 1258/1130/871 1264/1133/877 1265/1132/878 1259/1131/872 
f 1263/1134/876 1262/1137/875 1265/1136/878 1264/1135/877 
f 1262/1128/875 1257/1139/870 1259/1138/872 1265/1132/878 
f 1258/1140/871 1254/1141/867 1263/1127/876 1264/1133/877 
# 10 polygons

#
# object bolt
#

v  0.5567 2.0734 -10.8256
v  0.5567 1.8281 -10.8256
v  0.0000 1.8281 -10.8256
v  0.0000 2.0734 -10.8256
v  0.1787 1.8281 -5.1313
v  0.1787 2.0049 -5.1313
v  0.0000 2.0049 -5.1313
v  0.0000 1.8281 -5.1313
v  0.6394 2.0736 -10.7909
v  0.6394 1.8281 -10.7909
v  0.6523 2.0741 -10.4612
v  0.0000 2.0741 -10.4612
v  0.0000 2.0049 -10.4612
v  0.3770 2.0049 -10.4612
v  0.1787 1.8281 -10.2773
v  0.1787 1.8693 -10.2361
v  0.1787 1.9482 -10.2361
v  0.7116 1.8281 -10.2900
v  0.8189 1.8281 -10.2582
v  0.8189 2.0739 -10.2582
v  0.7116 2.0741 -10.2900
v  0.7133 2.0737 -10.7302
v  0.7133 1.8281 -10.7302
v  0.6523 1.8281 -10.4612
v  0.3770 1.8281 -10.4612
v  0.1787 2.0049 -10.2773
v  0.3770 2.0049 -10.3861
v  0.3770 1.8281 -10.3861
v  0.3770 1.9477 -10.3449
v  0.3770 1.8686 -10.3449
v  -0.5567 2.0734 -10.8256
v  -0.5567 1.8281 -10.8256
v  -0.1787 1.8281 -5.1313
v  -0.1787 2.0049 -5.1313
v  -0.6394 1.8281 -10.7909
v  -0.6394 2.0736 -10.7909
v  -0.6523 2.0741 -10.4612
v  -0.3770 2.0049 -10.4612
v  -0.1787 1.8281 -10.2773
v  -0.1787 1.9482 -10.2361
v  -0.1787 1.8693 -10.2361
v  -0.7116 1.8281 -10.2900
v  -0.7116 2.0741 -10.2900
v  -0.8189 2.0739 -10.2582
v  -0.8189 1.8281 -10.2582
v  -0.7133 2.0737 -10.7302
v  -0.7133 1.8281 -10.7302
v  -0.6523 1.8281 -10.4612
v  -0.3770 1.8281 -10.4612
v  -0.1787 2.0049 -10.2773
v  -0.3770 2.0049 -10.3861
v  -0.3770 1.8281 -10.3861
v  -0.3770 1.9477 -10.3449
v  -0.3770 1.8686 -10.3449
# 54 vertices

vn 0.1473 0.6645 -0.7327
vn 0.1476 -0.6652 -0.7319
vn 0.0000 -0.7071 -0.7071
vn 0.0000 0.7064 -0.7078
vn 0.5774 -0.5773 0.5773
vn 0.5774 0.5774 0.5774
vn 0.0000 0.7071 0.7071
vn 0.0000 -0.7071 0.7071
vn 0.3796 0.6762 -0.6314
vn 0.3806 -0.6760 -0.6310
vn 0.0011 0.9320 0.3625
vn 0.0000 0.7078 0.7064
vn 0.3015 0.3015 0.9045
vn 0.2545 -0.9423 0.2175
vn 0.9105 -0.1433 0.3879
vn 0.9013 0.1233 0.4152
vn -0.2837 -0.0000 0.9589
vn 0.6552 -0.2816 0.7010
vn 0.6549 0.2814 0.7014
vn 0.6535 0.6407 -0.4031
vn 0.6539 -0.6407 -0.4025
vn 0.0000 -0.9316 0.3636
vn 0.3015 -0.9045 0.3015
vn 0.3007 0.9222 0.2432
vn 0.6815 0.6918 0.2389
vn 0.6834 -0.7035 0.1951
vn 0.8091 0.1991 0.5529
vn 0.7911 -0.2677 0.5500
vn -0.9450 -0.0000 0.3272
vn 0.0000 -1.0000 -0.0000
vn 0.0020 1.0000 -0.0007
vn -0.1473 0.6645 -0.7327
vn -0.1476 -0.6652 -0.7319
vn -0.5774 -0.5774 0.5774
vn -0.5774 0.5774 0.5774
vn -0.3806 -0.6760 -0.6310
vn -0.3796 0.6762 -0.6314
vn -0.0011 0.9320 0.3625
vn -0.3015 0.3015 0.9045
vn -0.2545 -0.9423 0.2175
vn -0.9013 0.1233 0.4152
vn -0.9105 -0.1433 0.3879
vn 0.2837 -0.0000 0.9589
vn -0.6549 0.2814 0.7014
vn -0.6552 -0.2816 0.7010
vn -0.6535 0.6407 -0.4031
vn -0.6539 -0.6407 -0.4025
vn -0.3015 -0.9045 0.3015
vn -0.3007 0.9222 0.2432
vn -0.6815 0.6918 0.2389
vn -0.6834 -0.7035 0.1951
vn -0.8091 0.1991 0.5529
vn -0.7911 -0.2677 0.5500
vn 0.9450 -0.0000 0.3272
vn -0.0020 1.0000 -0.0007
# 55 vertex normals

vt 0.0542 0.1728 0.0000
vt 0.0859 0.1728 0.0000
vt 0.0859 0.2448 0.0000
vt 0.0542 0.2448 0.0000
vt 0.2039 0.3254 0.1619
vt 0.2039 0.3394 0.1619
vt 0.1897 0.3394 0.1619
vt 0.1897 0.3254 0.1619
vt 0.0542 0.1612 0.0000
vt 0.0859 0.1612 0.0000
vt 0.2141 0.3502 0.0000
vt 0.2061 0.3805 0.0000
vt 0.1599 0.3805 0.0000
vt 0.1599 0.3502 0.0000
vt 0.0132 0.2605 0.0000
vt 0.0214 0.1832 0.0000
vt 0.0214 0.2278 0.0000
vt 0.1073 0.0314 0.0000
vt 0.1073 0.2896 0.0000
vt 0.0992 0.2647 0.0000
vt 0.0992 0.0314 0.0000
vt 0.1443 0.0072 -0.0223
vt 0.1796 0.0072 -0.0223
vt 0.1714 0.2598 -0.0223
vt 0.1556 0.2598 -0.0223
vt 0.0424 0.2819 0.0000
vt 0.0424 0.2952 0.0000
vt 0.0133 0.2952 0.0000
vt 0.0132 0.2819 0.0000
vt 0.2191 0.3726 0.0000
vt 0.2130 0.3776 0.0000
vt 0.0132 0.1832 0.0000
vt 0.0859 0.1489 0.0000
vt 0.0541 0.1489 0.0000
vt 0.0821 0.2896 0.0000
vt 0.0777 0.2730 0.0000
vt 0.0749 0.2852 0.0000
vt 0.0783 0.2880 0.0000
vt 0.0424 0.2605 0.0000
vt 0.0424 0.2278 0.0000
vt 0.1313 0.0065 0.0000
vt 0.1313 0.3678 0.0000
vt 0.1188 0.3807 0.0000
vt 0.1188 0.0065 0.0000
vt 0.1453 0.3754 0.0000
vt 0.1453 0.3807 0.0000
vt 0.1787 0.3411 -0.0171
vt 0.1469 0.3411 -0.0171
vt 0.1469 0.3276 -0.0171
vt 0.1787 0.3276 -0.0171
vt 0.1561 0.3103 -0.0171
vt 0.1441 0.3138 -0.0171
vt 0.1442 0.2736 -0.0223
vt 0.1561 0.2701 -0.0223
vt 0.1701 0.3103 -0.0171
vt 0.1701 0.2702 -0.0223
vt 0.1798 0.3139 -0.0171
vt 0.1799 0.2737 -0.0223
vt 0.1572 0.3201 -0.0171
vt 0.1715 0.3201 -0.0171
vt 0.1443 0.2618 -0.0223
vt 0.1796 0.2618 -0.0223
vt 0.0902 0.2696 0.0000
vt 0.0902 0.2730 0.0000
vt 0.0541 0.0864 0.0000
vt 0.0859 0.0864 0.0000
vt 0.2279 0.3334 0.0000
vt 0.0702 0.2638 0.0000
vt 0.0750 0.2653 0.0000
vt 0.2190 0.3360 0.0000
# 70 texture coords

g bolt
usemtl sr25_sw6
s 1
f 1266/1142/879 1267/1143/880 1268/1144/881 1269/1145/882 
f 1270/1146/883 1271/1147/884 1272/1148/885 1273/1149/886 
f 1267/1143/880 1266/1142/879 1274/1150/887 1275/1151/888 
f 1276/1152/889 1266/1153/879 1269/1154/882 1277/1155/890 
f 1276/1156/889 1278/1157/885 1279/1158/891 
f 1273/1159/886 1268/1160/881 1280/1161/892 1270/1162/883 
f 1271/1163/884 1270/1164/883 1281/1165/893 1282/1166/894 
f 1283/1167/895 1284/1168/896 1285/1169/897 1286/1170/895 
f 1266/1153/879 1276/1152/889 1287/1171/898 1274/1172/887 
f 1277/1173/890 1278/1157/885 1276/1156/889 
f 1288/1174/899 1275/1151/888 1274/1150/887 1287/1175/898 
f 1268/1160/881 1267/1176/880 1289/1177/900 
f 1288/1178/899 1289/1177/900 1275/1179/888 
f 1289/1180/900 1276/1156/889 1279/1158/891 1290/1181/901 
f 1271/1182/884 1291/1183/902 1278/1184/885 1272/1185/885 
f 1278/1184/885 1291/1183/902 1292/1186/903 1279/1187/891 
f 1290/1188/901 1279/1189/891 1292/1190/903 1293/1191/904 
f 1294/1192/905 1292/1193/903 1291/1194/902 1282/1195/894 
f 1295/1196/906 1294/1192/905 1282/1195/894 1281/1197/893 
f 1293/1198/904 1295/1196/906 1281/1197/893 1280/1199/892 
f 1293/1191/904 1292/1190/903 1294/1200/905 1295/1201/906 
f 1271/1163/884 1282/1166/894 1291/1202/902 
f 1281/1165/893 1270/1164/883 1280/1203/892 
f 1268/1160/881 1293/1204/904 1280/1161/892 
f 1290/1205/901 1293/1204/904 1268/1160/881 1289/1177/900 
f 1289/1177/900 1267/1176/880 1275/1179/888 
f 1288/1174/899 1287/1175/898 1285/1206/897 1284/1207/896 
f 1287/1171/898 1276/1152/889 1285/1208/897 
s off
f 1276/1156/907 1289/1180/907 1283/1167/907 1286/1170/907 
f 1289/1177/908 1284/1209/908 1283/1210/908 
f 1276/1152/909 1286/1211/909 1285/1208/909 
s 1
f 1289/1177/900 1288/1178/899 1284/1209/896 
f 1296/1142/910 1269/1145/882 1268/1144/881 1297/1143/911 
f 1298/1146/912 1273/1149/886 1272/1148/885 1299/1147/913 
f 1297/1143/911 1300/1151/914 1301/1150/915 1296/1142/910 
f 1302/1152/916 1277/1155/890 1269/1154/882 1296/1153/910 
f 1302/1156/916 1303/1158/917 1278/1157/885 
f 1273/1159/886 1298/1162/912 1304/1161/918 1268/1160/881 
f 1299/1163/913 1305/1166/919 1306/1165/920 1298/1164/912 
f 1307/1167/921 1308/1170/921 1309/1169/922 1310/1168/923 
f 1296/1153/910 1301/1172/915 1311/1171/924 1302/1152/916 
f 1277/1173/890 1302/1156/916 1278/1157/885 
f 1312/1174/925 1311/1175/924 1301/1150/915 1300/1151/914 
f 1268/1160/881 1313/1177/900 1297/1176/911 
f 1312/1178/925 1300/1179/914 1313/1177/900 
f 1313/1180/900 1314/1181/926 1303/1158/917 1302/1156/916 
f 1299/1182/913 1272/1185/885 1278/1184/885 1315/1183/927 
f 1278/1184/885 1303/1187/917 1316/1186/928 1315/1183/927 
f 1314/1188/926 1317/1191/929 1316/1190/928 1303/1189/917 
f 1318/1192/930 1305/1195/919 1315/1194/927 1316/1193/928 
f 1319/1196/931 1306/1197/920 1305/1195/919 1318/1192/930 
f 1317/1198/929 1304/1199/918 1306/1197/920 1319/1196/931 
f 1317/1191/929 1319/1201/931 1318/1200/930 1316/1190/928 
f 1299/1163/913 1315/1202/927 1305/1166/919 
f 1306/1165/920 1304/1203/918 1298/1164/912 
f 1268/1160/881 1304/1161/918 1317/1204/929 
f 1314/1205/926 1313/1177/900 1268/1160/881 1317/1204/929 
f 1313/1177/900 1300/1179/914 1297/1176/911 
f 1312/1174/925 1310/1207/923 1309/1206/922 1311/1175/924 
f 1311/1171/924 1309/1208/922 1302/1152/916 
s off
f 1302/1156/932 1308/1170/932 1307/1167/932 1313/1180/932 
f 1313/1177/908 1307/1210/908 1310/1209/908 
f 1302/1152/933 1309/1208/933 1308/1211/933 
s 1
f 1313/1177/900 1310/1209/923 1312/1178/925 
# 40 polygons - 24 triangles

